Order Number,Order Date,Net Amount,Line Number,Part Description,Unit Cost,Order Quantity,Line Cost,Vendor ID,Vendor Name,Location Name,Total Line Cost,Order Month,Order Year
TSR/18271     ,2024-10-05,9156.0,1.0,"DRESSING, CHITOGAUZE          (IEC PACK)                    ",23.17,250.0,5792.5,20169.0,Safeguard Medical Technologies,OPERATIONAL SUPPORT GROUP - GENERAL STORE                   ,5792.5,10,2024
TSR/18271     ,2024-10-05,9156.0,2.0,"DRESSING, CORIUS SEAL         (IEC PACK)                    ",5.91,350.0,2068.5,20169.0,Safeguard Medical Technologies,OPERATIONAL SUPPORT GROUP - GENERAL STORE                   ,2068.5,10,2024
TSR/18271     ,2024-10-05,9156.0,3.0,"DRESSING, TRAUMA, PROMETHEUS  (IEC PACK)                    ",3.7,350.0,1295.0,20169.0,Safeguard Medical Technologies,OPERATIONAL SUPPORT GROUP - GENERAL STORE                   ,1295.0,10,2024
TSF/07011     ,2024-08-04,9808.34,1.0,MOBILE SERVICES               (ICT)                         ,9808.34,1.0,9808.34,22499.0,Telefonica UK Ltd             ,ICT - SERVICE MANAGEMENT                                    ,9808.34,8,2024
TSF/07351     ,2024-01-05,5121.91,1.0,SOFTWARE DEVELOPMENT - COTS   (ICT)                         ,5121.91,1.0,5121.91,12683.0,GREATER LONDON AUTHORITY      ,ICT - SERVICE MANAGEMENT                                    ,5121.91,1,2024
TSF/07432     ,2024-09-05,9624.21,1.0,MOBILE SERVICES               (ICT)                         ,9624.21,1.0,9624.21,22499.0,Telefonica UK Ltd             ,ICT - SERVICE MANAGEMENT                                    ,9624.21,9,2024
TSF/07825     ,2024-10-06,9573.26,1.0,MOBILE SERVICES               (ICT)                         ,9573.26,1.0,9573.26,22499.0,Telefonica UK Ltd             ,ICT - SERVICE MANAGEMENT                                    ,9573.26,10,2024
ITS/14949     ,2024-08-05,5850.0,1.0,SOFTWARE DEVELOPMENT - BESPOKE(ICT)                         ,975.0,6.0,5850.0,8741.0,AZTEC COMPUTING LTD           ,ICT - SYSTEMS SUPPORT & IMPROVEMENT                         ,5850.0,8,2024
TSF/06956     ,2024-04-04,6267.53,1.0,HARDWARE SUPPORT              (ICT)                         ,6267.53,1.0,6267.53,9074.0,SSS Public Safety Limited     ,ICT - SYSTEMS SUPPORT & IMPROVEMENT                         ,6267.53,4,2024
TSF/07791     ,2024-06-06,5402.71,1.0,HARDWARE PURCHASE             (ICT)                         ,5402.71,1.0,5402.71,11543.0,SPECIALIST COMPUTER CENTRE    ,ICT - TECHNICAL PROJECTS                                    ,5402.71,6,2024
TSF/07798     ,2024-07-06,5500.0,1.0,SOFTWARE SUPPORT              (ICT)                         ,180.0,25.0,4500.0,1906.0,INFOR (UNITED KINGDOM) LIMITED,ICT - TECHNICAL PROJECTS                                    ,4500.0,7,2024
TSF/07798     ,2024-07-06,5500.0,2.0,SOFTWARE SUPPORT              (ICT)                         ,200.0,5.0,1000.0,1906.0,INFOR (UNITED KINGDOM) LIMITED,ICT - TECHNICAL PROJECTS                                    ,1000.0,7,2024
TSF/06899     ,2024-02-04,5580.0,1.0,SOFTWARE LICENCES             (ICT)                         ,5580.0,1.0,5580.0,10026.0,PHOENIX SOFTWARE LTD          ,ICT - SERVER & CLOUD                                        ,5580.0,2,2024
TSF/07005     ,2024-05-04,6451.82,1.0,TECHNOLOGY SOLUTIONS          (ICT)                         ,6451.82,1.0,6451.82,1692.0,IRON MOUNTAIN UK PLC          ,ICT - TECHNICAL SUPPORT                                     ,6451.82,5,2024
TSF/07378     ,2024-03-05,6528.2,1.0,TECHNOLOGY SOLUTIONS          (ICT)                         ,6528.2,1.0,6528.2,1692.0,IRON MOUNTAIN UK PLC          ,ICT - TECHNICAL SUPPORT                                     ,6528.2,3,2024
TSF/07793     ,2024-06-06,7043.64,1.0,TECHNOLOGY SOLUTIONS          (ICT)                         ,7043.64,1.0,7043.64,1692.0,IRON MOUNTAIN UK PLC          ,ICT - TECHNICAL SUPPORT                                     ,7043.64,6,2024
TSF/06972     ,2024-04-04,5000.0,1.0,POSTAL/COURIER SERVICES (HQ)  - CITY SPRINT                 ,1.0,5000.0,5000.0,5435.0,CITYSPRINT (UK) LTD           ,ICT - DOCUMENT MANAGEMENT                                   ,5000.0,4,2024
TSF/07722     ,2024-03-06,5792.0,1.0,"SMOKE ALARM, THERMOTEK WST-630, HEARING IMPAIRED            ",189.8,10.0,1898.0,17284.0,FIREANGEL SAFETY TECHNOLOGY LD,(NW) COMMUNITY SAFETY - WEMBLEY                             ,1898.0,3,2024
TSF/07722     ,2024-03-06,5792.0,2.0,STROBE & VIBRATING PAD PACK                                 ,389.4,10.0,3894.0,17284.0,FIREANGEL SAFETY TECHNOLOGY LD,(NW) COMMUNITY SAFETY - WEMBLEY                             ,3894.0,3,2024
WNH/00003     ,2024-12-04,8824.46,1.0,LEE GREEN FIRE STATION - ELECTRICAL REWIRE PROJECT          ,1.0,8824.0,8824.46,17096.0,FRANKHAM CONSULTANCY GROUP LTD,LEE GREEN FIRE STATION (E29)                                ,8824.0,12,2024
WON/00002     ,2024-05-04,7000.0,1.0,CROYDON SUPPLY` AND DELIVERY OF PELLETS FOR BIOMASS BOLIER  ,1.0,7000.0,7000.0,19975.0,LC ENERGY LTD                 ,CROYDON FIRE STATION (E61)                                  ,7000.0,5,2024
WLP/00011     ,2024-11-04,5743.86,1.0,PRIVACY FOR ALL                                             ,1.0,5744.0,5743.86,19094.0,B NOKES CONTRACTS LTD         ,HENDON FIRE STATION (G52)                                   ,5744.0,11,2024
QAL/00003     ,2024-07-05,7661.89,1.0,PPM TASK                                                    ,126.23,1.0,126.23,22442.0,CODE BLUE                     ,HQ COMPLEX - PROPERTY RELATED ORDERS ONLY                   ,126.23,7,2024
QAL/00003     ,2024-07-05,7661.89,2.0,PPM TASK                                                    ,103.28,1.0,103.28,22442.0,CODE BLUE                     ,HQ COMPLEX - PROPERTY RELATED ORDERS ONLY                   ,103.28,7,2024
QAL/00003     ,2024-07-05,7661.89,3.0,PPM TASK                                                    ,80.33,1.0,80.33,22442.0,CODE BLUE                     ,HQ COMPLEX - PROPERTY RELATED ORDERS ONLY                   ,80.33,7,2024
QAL/00003     ,2024-07-05,7661.89,4.0,PPM TASK                                                    ,57.38,1.0,57.38,22442.0,CODE BLUE                     ,HQ COMPLEX - PROPERTY RELATED ORDERS ONLY                   ,57.38,7,2024
QAL/00003     ,2024-07-05,7661.89,5.0,PPM TASK                                                    ,57.38,1.0,57.38,22442.0,CODE BLUE                     ,HQ COMPLEX - PROPERTY RELATED ORDERS ONLY                   ,57.38,7,2024
QAL/00003     ,2024-07-05,7661.89,6.0,PPM TASK                                                    ,45.9,1.0,45.9,22442.0,CODE BLUE                     ,HQ COMPLEX - PROPERTY RELATED ORDERS ONLY                   ,45.9,7,2024
UEB/00050     ,2024-02-05,7574.45,5.0,IN10369729:ELE 0424:0                                       ,3822.14,1.0,3822.14,16763.0,NPOWER LTD                    ,HQ COMPLEX - PROPERTY RELATED ORDERS ONLY                   ,3822.14,2,2024
UEB/00050     ,2024-02-05,7574.45,6.0,IN10369731:ELE 0424:0                                       ,2782.61,1.0,2782.61,16763.0,NPOWER LTD                    ,HQ COMPLEX - PROPERTY RELATED ORDERS ONLY                   ,2782.61,2,2024
UEB/00050     ,2024-02-05,7574.45,7.0,IN10369730:ELE 0424:0                                       ,478.36,1.0,478.36,16763.0,NPOWER LTD                    ,HQ COMPLEX - PROPERTY RELATED ORDERS ONLY                   ,478.36,2,2024
UEB/00050     ,2024-02-05,7574.45,8.0,IN10369725:ELE 0424:0                                       ,88.54,1.0,88.54,16763.0,NPOWER LTD                    ,HQ COMPLEX - PROPERTY RELATED ORDERS ONLY                   ,88.54,2,2024
QZK/00016     ,2024-03-06,5551.4,1.0,PPM TASK                                                    ,5551.4,1.0,5551.4,20793.0,"Mitie FM Limited,             ",HQ COMPLEX - PROPERTY RELATED ORDERS ONLY                   ,5551.4,3,2024
QZL/00006     ,2024-03-06,6598.24,1.0,* QUOTE * - TO SUPPLY QUOTATIO                              ,6598.24,1.0,6598.24,20793.0,"Mitie FM Limited,             ",HQ COMPLEX - PROPERTY RELATED ORDERS ONLY                   ,6598.24,3,2024
UEB/00050     ,2024-02-05,7574.45,1.0,IN10369729:ELE 0424:0                                       ,84.42,1.0,84.42,16763.0,NPOWER LTD                    ,HQ COMPLEX - PROPERTY RELATED ORDERS ONLY                   ,84.42,2,2024
UEB/00050     ,2024-02-05,7574.45,2.0,IN10369729:ELE 0424:0                                       ,74.05,1.0,74.05,16763.0,NPOWER LTD                    ,HQ COMPLEX - PROPERTY RELATED ORDERS ONLY                   ,74.05,2,2024
UEB/00050     ,2024-02-05,7574.45,3.0,IN10369729:ELE 0424:0                                       ,97.02,1.0,97.02,16763.0,NPOWER LTD                    ,HQ COMPLEX - PROPERTY RELATED ORDERS ONLY                   ,97.02,2,2024
UEB/00050     ,2024-02-05,7574.45,4.0,IN10369729:ELE 0424:0                                       ,147.31,1.0,147.31,16763.0,NPOWER LTD                    ,HQ COMPLEX - PROPERTY RELATED ORDERS ONLY                   ,147.31,2,2024
QZK/00015     ,2024-03-06,9668.1,1.0,PPM TASK                                                    ,1258.04,1.0,1258.04,20793.0,"Mitie FM Limited,             ",HQ COMPLEX - PROPERTY RELATED ORDERS ONLY                   ,1258.04,3,2024
QZK/00015     ,2024-03-06,9668.1,2.0,PPM TASK                                                    ,2749.39,1.0,2749.39,20793.0,"Mitie FM Limited,             ",HQ COMPLEX - PROPERTY RELATED ORDERS ONLY                   ,2749.39,3,2024
QZK/00015     ,2024-03-06,9668.1,3.0,PPM TASK                                                    ,1612.12,1.0,1612.12,20793.0,"Mitie FM Limited,             ",HQ COMPLEX - PROPERTY RELATED ORDERS ONLY                   ,1612.12,3,2024
QZK/00015     ,2024-03-06,9668.1,4.0,PPM TASK                                                    ,1917.0,1.0,1917.0,20793.0,"Mitie FM Limited,             ",HQ COMPLEX - PROPERTY RELATED ORDERS ONLY                   ,1917.0,3,2024
QZK/00015     ,2024-03-06,9668.1,5.0,PPM TASK                                                    ,2131.55,1.0,2131.55,20793.0,"Mitie FM Limited,             ",HQ COMPLEX - PROPERTY RELATED ORDERS ONLY                   ,2131.55,3,2024
QAL/00003     ,2024-07-05,7661.89,97.0,PPM TASK                                                    ,57.38,1.0,57.38,22442.0,CODE BLUE                     ,HQ COMPLEX - PROPERTY RELATED ORDERS ONLY                   ,57.38,7,2024
QBK/00122     ,2024-07-05,7011.08,1.0,QUOTED WORKS - APPROVED                                     ,7011.08,1.0,7011.08,22473.0,ABM Technical Solutions Ltd   ,HQ COMPLEX - PROPERTY RELATED ORDERS ONLY                   ,7011.08,7,2024
QBK/00149     ,2024-10-06,7730.2,1.0,ATTENDANCE                                                  ,7730.2,1.0,7730.2,22473.0,ABM Technical Solutions Ltd   ,HQ COMPLEX - PROPERTY RELATED ORDERS ONLY                   ,7730.2,10,2024
QAL/00003     ,2024-07-05,7661.89,91.0,PPM TASK                                                    ,103.28,1.0,103.28,22442.0,CODE BLUE                     ,HQ COMPLEX - PROPERTY RELATED ORDERS ONLY                   ,103.28,7,2024
QAL/00003     ,2024-07-05,7661.89,92.0,PPM TASK                                                    ,34.43,1.0,34.43,22442.0,CODE BLUE                     ,HQ COMPLEX - PROPERTY RELATED ORDERS ONLY                   ,34.43,7,2024
QAL/00003     ,2024-07-05,7661.89,93.0,PPM TASK                                                    ,57.38,1.0,57.38,22442.0,CODE BLUE                     ,HQ COMPLEX - PROPERTY RELATED ORDERS ONLY                   ,57.38,7,2024
QAL/00003     ,2024-07-05,7661.89,94.0,PPM TASK                                                    ,57.38,1.0,57.38,22442.0,CODE BLUE                     ,HQ COMPLEX - PROPERTY RELATED ORDERS ONLY                   ,57.38,7,2024
QAL/00003     ,2024-07-05,7661.89,95.0,PPM TASK                                                    ,57.38,1.0,57.38,22442.0,CODE BLUE                     ,HQ COMPLEX - PROPERTY RELATED ORDERS ONLY                   ,57.38,7,2024
QAL/00003     ,2024-07-05,7661.89,96.0,PPM TASK                                                    ,57.38,1.0,57.38,22442.0,CODE BLUE                     ,HQ COMPLEX - PROPERTY RELATED ORDERS ONLY                   ,57.38,7,2024
QAL/00003     ,2024-07-05,7661.89,85.0,PPM TASK                                                    ,87.98,1.0,87.98,22442.0,CODE BLUE                     ,HQ COMPLEX - PROPERTY RELATED ORDERS ONLY                   ,87.98,7,2024
QAL/00003     ,2024-07-05,7661.89,86.0,PPM TASK                                                    ,80.33,1.0,80.33,22442.0,CODE BLUE                     ,HQ COMPLEX - PROPERTY RELATED ORDERS ONLY                   ,80.33,7,2024
QAL/00003     ,2024-07-05,7661.89,87.0,PPM TASK                                                    ,103.28,1.0,103.28,22442.0,CODE BLUE                     ,HQ COMPLEX - PROPERTY RELATED ORDERS ONLY                   ,103.28,7,2024
QAL/00003     ,2024-07-05,7661.89,88.0,PPM TASK                                                    ,68.85,1.0,68.85,22442.0,CODE BLUE                     ,HQ COMPLEX - PROPERTY RELATED ORDERS ONLY                   ,68.85,7,2024
QAL/00003     ,2024-07-05,7661.89,89.0,PPM TASK                                                    ,91.8,1.0,91.8,22442.0,CODE BLUE                     ,HQ COMPLEX - PROPERTY RELATED ORDERS ONLY                   ,91.8,7,2024
QAL/00003     ,2024-07-05,7661.89,90.0,PPM TASK                                                    ,103.28,1.0,103.28,22442.0,CODE BLUE                     ,HQ COMPLEX - PROPERTY RELATED ORDERS ONLY                   ,103.28,7,2024
QAL/00003     ,2024-07-05,7661.89,79.0,PPM TASK                                                    ,11.48,1.0,11.48,22442.0,CODE BLUE                     ,HQ COMPLEX - PROPERTY RELATED ORDERS ONLY                   ,11.48,7,2024
QAL/00003     ,2024-07-05,7661.89,80.0,PPM TASK                                                    ,68.85,1.0,68.85,22442.0,CODE BLUE                     ,HQ COMPLEX - PROPERTY RELATED ORDERS ONLY                   ,68.85,7,2024
QAL/00003     ,2024-07-05,7661.89,81.0,PPM TASK                                                    ,80.33,1.0,80.33,22442.0,CODE BLUE                     ,HQ COMPLEX - PROPERTY RELATED ORDERS ONLY                   ,80.33,7,2024
QAL/00003     ,2024-07-05,7661.89,82.0,PPM TASK                                                    ,57.38,1.0,57.38,22442.0,CODE BLUE                     ,HQ COMPLEX - PROPERTY RELATED ORDERS ONLY                   ,57.38,7,2024
QAL/00003     ,2024-07-05,7661.89,83.0,PPM TASK                                                    ,45.9,1.0,45.9,22442.0,CODE BLUE                     ,HQ COMPLEX - PROPERTY RELATED ORDERS ONLY                   ,45.9,7,2024
QAL/00003     ,2024-07-05,7661.89,84.0,PPM TASK                                                    ,91.8,1.0,91.8,22442.0,CODE BLUE                     ,HQ COMPLEX - PROPERTY RELATED ORDERS ONLY                   ,91.8,7,2024
QAL/00003     ,2024-07-05,7661.89,73.0,PPM TASK                                                    ,133.88,1.0,133.88,22442.0,CODE BLUE                     ,HQ COMPLEX - PROPERTY RELATED ORDERS ONLY                   ,133.88,7,2024
QAL/00003     ,2024-07-05,7661.89,74.0,PPM TASK                                                    ,45.9,1.0,45.9,22442.0,CODE BLUE                     ,HQ COMPLEX - PROPERTY RELATED ORDERS ONLY                   ,45.9,7,2024
QAL/00003     ,2024-07-05,7661.89,75.0,PPM TASK                                                    ,68.85,1.0,68.85,22442.0,CODE BLUE                     ,HQ COMPLEX - PROPERTY RELATED ORDERS ONLY                   ,68.85,7,2024
QAL/00003     ,2024-07-05,7661.89,76.0,PPM TASK                                                    ,57.38,1.0,57.38,22442.0,CODE BLUE                     ,HQ COMPLEX - PROPERTY RELATED ORDERS ONLY                   ,57.38,7,2024
QAL/00003     ,2024-07-05,7661.89,77.0,PPM TASK                                                    ,57.38,1.0,57.38,22442.0,CODE BLUE                     ,HQ COMPLEX - PROPERTY RELATED ORDERS ONLY                   ,57.38,7,2024
QAL/00003     ,2024-07-05,7661.89,78.0,PPM TASK                                                    ,91.8,1.0,91.8,22442.0,CODE BLUE                     ,HQ COMPLEX - PROPERTY RELATED ORDERS ONLY                   ,91.8,7,2024
QAL/00003     ,2024-07-05,7661.89,67.0,PPM TASK                                                    ,114.76,1.0,114.76,22442.0,CODE BLUE                     ,HQ COMPLEX - PROPERTY RELATED ORDERS ONLY                   ,114.76,7,2024
QAL/00003     ,2024-07-05,7661.89,68.0,PPM TASK                                                    ,80.33,1.0,80.33,22442.0,CODE BLUE                     ,HQ COMPLEX - PROPERTY RELATED ORDERS ONLY                   ,80.33,7,2024
QAL/00003     ,2024-07-05,7661.89,69.0,PPM TASK                                                    ,126.23,1.0,126.23,22442.0,CODE BLUE                     ,HQ COMPLEX - PROPERTY RELATED ORDERS ONLY                   ,126.23,7,2024
QAL/00003     ,2024-07-05,7661.89,70.0,PPM TASK                                                    ,80.33,1.0,80.33,22442.0,CODE BLUE                     ,HQ COMPLEX - PROPERTY RELATED ORDERS ONLY                   ,80.33,7,2024
QAL/00003     ,2024-07-05,7661.89,71.0,PPM TASK                                                    ,114.76,1.0,114.76,22442.0,CODE BLUE                     ,HQ COMPLEX - PROPERTY RELATED ORDERS ONLY                   ,114.76,7,2024
QAL/00003     ,2024-07-05,7661.89,72.0,PPM TASK                                                    ,45.9,1.0,45.9,22442.0,CODE BLUE                     ,HQ COMPLEX - PROPERTY RELATED ORDERS ONLY                   ,45.9,7,2024
QAL/00003     ,2024-07-05,7661.89,61.0,PPM TASK                                                    ,49.73,1.0,49.73,22442.0,CODE BLUE                     ,HQ COMPLEX - PROPERTY RELATED ORDERS ONLY                   ,49.73,7,2024
QAL/00003     ,2024-07-05,7661.89,62.0,PPM TASK                                                    ,57.38,1.0,57.38,22442.0,CODE BLUE                     ,HQ COMPLEX - PROPERTY RELATED ORDERS ONLY                   ,57.38,7,2024
QAL/00003     ,2024-07-05,7661.89,63.0,PPM TASK                                                    ,80.33,1.0,80.33,22442.0,CODE BLUE                     ,HQ COMPLEX - PROPERTY RELATED ORDERS ONLY                   ,80.33,7,2024
QAL/00003     ,2024-07-05,7661.89,64.0,PPM TASK                                                    ,57.38,1.0,57.38,22442.0,CODE BLUE                     ,HQ COMPLEX - PROPERTY RELATED ORDERS ONLY                   ,57.38,7,2024
QAL/00003     ,2024-07-05,7661.89,65.0,PPM TASK                                                    ,68.85,1.0,68.85,22442.0,CODE BLUE                     ,HQ COMPLEX - PROPERTY RELATED ORDERS ONLY                   ,68.85,7,2024
QAL/00003     ,2024-07-05,7661.89,66.0,PPM TASK                                                    ,57.38,1.0,57.38,22442.0,CODE BLUE                     ,HQ COMPLEX - PROPERTY RELATED ORDERS ONLY                   ,57.38,7,2024
QAL/00003     ,2024-07-05,7661.89,55.0,PPM TASK                                                    ,103.28,1.0,103.28,22442.0,CODE BLUE                     ,HQ COMPLEX - PROPERTY RELATED ORDERS ONLY                   ,103.28,7,2024
QAL/00003     ,2024-07-05,7661.89,56.0,PPM TASK                                                    ,68.85,1.0,68.85,22442.0,CODE BLUE                     ,HQ COMPLEX - PROPERTY RELATED ORDERS ONLY                   ,68.85,7,2024
QAL/00003     ,2024-07-05,7661.89,57.0,PPM TASK                                                    ,168.31,1.0,168.31,22442.0,CODE BLUE                     ,HQ COMPLEX - PROPERTY RELATED ORDERS ONLY                   ,168.31,7,2024
QAL/00003     ,2024-07-05,7661.89,58.0,PPM TASK                                                    ,49.73,1.0,49.73,22442.0,CODE BLUE                     ,HQ COMPLEX - PROPERTY RELATED ORDERS ONLY                   ,49.73,7,2024
QAL/00003     ,2024-07-05,7661.89,59.0,PPM TASK                                                    ,57.38,1.0,57.38,22442.0,CODE BLUE                     ,HQ COMPLEX - PROPERTY RELATED ORDERS ONLY                   ,57.38,7,2024
QAL/00003     ,2024-07-05,7661.89,60.0,PPM TASK                                                    ,103.28,1.0,103.28,22442.0,CODE BLUE                     ,HQ COMPLEX - PROPERTY RELATED ORDERS ONLY                   ,103.28,7,2024
QAL/00003     ,2024-07-05,7661.89,49.0,PPM TASK                                                    ,57.38,1.0,57.38,22442.0,CODE BLUE                     ,HQ COMPLEX - PROPERTY RELATED ORDERS ONLY                   ,57.38,7,2024
QAL/00003     ,2024-07-05,7661.89,50.0,PPM TASK                                                    ,57.38,1.0,57.38,22442.0,CODE BLUE                     ,HQ COMPLEX - PROPERTY RELATED ORDERS ONLY                   ,57.38,7,2024
QAL/00003     ,2024-07-05,7661.89,51.0,PPM TASK                                                    ,68.85,1.0,68.85,22442.0,CODE BLUE                     ,HQ COMPLEX - PROPERTY RELATED ORDERS ONLY                   ,68.85,7,2024
QAL/00003     ,2024-07-05,7661.89,52.0,PPM TASK                                                    ,80.33,1.0,80.33,22442.0,CODE BLUE                     ,HQ COMPLEX - PROPERTY RELATED ORDERS ONLY                   ,80.33,7,2024
QAL/00003     ,2024-07-05,7661.89,53.0,PPM TASK                                                    ,53.55,1.0,53.55,22442.0,CODE BLUE                     ,HQ COMPLEX - PROPERTY RELATED ORDERS ONLY                   ,53.55,7,2024
QAL/00003     ,2024-07-05,7661.89,54.0,PPM TASK                                                    ,57.38,1.0,57.38,22442.0,CODE BLUE                     ,HQ COMPLEX - PROPERTY RELATED ORDERS ONLY                   ,57.38,7,2024
QAL/00003     ,2024-07-05,7661.89,43.0,PPM TASK                                                    ,149.18,1.0,149.18,22442.0,CODE BLUE                     ,HQ COMPLEX - PROPERTY RELATED ORDERS ONLY                   ,149.18,7,2024
QAL/00003     ,2024-07-05,7661.89,44.0,PPM TASK                                                    ,103.28,1.0,103.28,22442.0,CODE BLUE                     ,HQ COMPLEX - PROPERTY RELATED ORDERS ONLY                   ,103.28,7,2024
QAL/00003     ,2024-07-05,7661.89,45.0,PPM TASK                                                    ,68.85,1.0,68.85,22442.0,CODE BLUE                     ,HQ COMPLEX - PROPERTY RELATED ORDERS ONLY                   ,68.85,7,2024
QAL/00003     ,2024-07-05,7661.89,46.0,PPM TASK                                                    ,80.33,1.0,80.33,22442.0,CODE BLUE                     ,HQ COMPLEX - PROPERTY RELATED ORDERS ONLY                   ,80.33,7,2024
QAL/00003     ,2024-07-05,7661.89,47.0,PPM TASK                                                    ,218.04,1.0,218.04,22442.0,CODE BLUE                     ,HQ COMPLEX - PROPERTY RELATED ORDERS ONLY                   ,218.04,7,2024
QAL/00003     ,2024-07-05,7661.89,48.0,PPM TASK                                                    ,80.33,1.0,80.33,22442.0,CODE BLUE                     ,HQ COMPLEX - PROPERTY RELATED ORDERS ONLY                   ,80.33,7,2024
QAL/00003     ,2024-07-05,7661.89,37.0,PPM TASK                                                    ,72.68,1.0,72.68,22442.0,CODE BLUE                     ,HQ COMPLEX - PROPERTY RELATED ORDERS ONLY                   ,72.68,7,2024
QAL/00003     ,2024-07-05,7661.89,38.0,PPM TASK                                                    ,80.33,1.0,80.33,22442.0,CODE BLUE                     ,HQ COMPLEX - PROPERTY RELATED ORDERS ONLY                   ,80.33,7,2024
QAL/00003     ,2024-07-05,7661.89,39.0,PPM TASK                                                    ,80.33,1.0,80.33,22442.0,CODE BLUE                     ,HQ COMPLEX - PROPERTY RELATED ORDERS ONLY                   ,80.33,7,2024
QAL/00003     ,2024-07-05,7661.89,40.0,PPM TASK                                                    ,80.33,1.0,80.33,22442.0,CODE BLUE                     ,HQ COMPLEX - PROPERTY RELATED ORDERS ONLY                   ,80.33,7,2024
QAL/00003     ,2024-07-05,7661.89,41.0,PPM TASK                                                    ,53.55,1.0,53.55,22442.0,CODE BLUE                     ,HQ COMPLEX - PROPERTY RELATED ORDERS ONLY                   ,53.55,7,2024
QAL/00003     ,2024-07-05,7661.89,42.0,PPM TASK                                                    ,72.68,1.0,72.68,22442.0,CODE BLUE                     ,HQ COMPLEX - PROPERTY RELATED ORDERS ONLY                   ,72.68,7,2024
QAL/00003     ,2024-07-05,7661.89,31.0,PPM TASK                                                    ,99.46,1.0,99.46,22442.0,CODE BLUE                     ,HQ COMPLEX - PROPERTY RELATED ORDERS ONLY                   ,99.46,7,2024
QAL/00003     ,2024-07-05,7661.89,32.0,PPM TASK                                                    ,57.38,1.0,57.38,22442.0,CODE BLUE                     ,HQ COMPLEX - PROPERTY RELATED ORDERS ONLY                   ,57.38,7,2024
QAL/00003     ,2024-07-05,7661.89,33.0,PPM TASK                                                    ,214.21,1.0,214.21,22442.0,CODE BLUE                     ,HQ COMPLEX - PROPERTY RELATED ORDERS ONLY                   ,214.21,7,2024
QAL/00003     ,2024-07-05,7661.89,34.0,PPM TASK                                                    ,91.8,1.0,91.8,22442.0,CODE BLUE                     ,HQ COMPLEX - PROPERTY RELATED ORDERS ONLY                   ,91.8,7,2024
QAL/00003     ,2024-07-05,7661.89,35.0,PPM TASK                                                    ,57.38,1.0,57.38,22442.0,CODE BLUE                     ,HQ COMPLEX - PROPERTY RELATED ORDERS ONLY                   ,57.38,7,2024
QAL/00003     ,2024-07-05,7661.89,36.0,PPM TASK                                                    ,114.76,1.0,114.76,22442.0,CODE BLUE                     ,HQ COMPLEX - PROPERTY RELATED ORDERS ONLY                   ,114.76,7,2024
QAL/00003     ,2024-07-05,7661.89,25.0,PPM TASK                                                    ,22.95,1.0,22.95,22442.0,CODE BLUE                     ,HQ COMPLEX - PROPERTY RELATED ORDERS ONLY                   ,22.95,7,2024
QAL/00003     ,2024-07-05,7661.89,26.0,PPM TASK                                                    ,80.33,1.0,80.33,22442.0,CODE BLUE                     ,HQ COMPLEX - PROPERTY RELATED ORDERS ONLY                   ,80.33,7,2024
QAL/00003     ,2024-07-05,7661.89,27.0,PPM TASK                                                    ,57.38,1.0,57.38,22442.0,CODE BLUE                     ,HQ COMPLEX - PROPERTY RELATED ORDERS ONLY                   ,57.38,7,2024
QAL/00003     ,2024-07-05,7661.89,28.0,PPM TASK                                                    ,91.8,1.0,91.8,22442.0,CODE BLUE                     ,HQ COMPLEX - PROPERTY RELATED ORDERS ONLY                   ,91.8,7,2024
QAL/00003     ,2024-07-05,7661.89,29.0,PPM TASK                                                    ,68.85,1.0,68.85,22442.0,CODE BLUE                     ,HQ COMPLEX - PROPERTY RELATED ORDERS ONLY                   ,68.85,7,2024
QAL/00003     ,2024-07-05,7661.89,30.0,PPM TASK                                                    ,149.18,1.0,149.18,22442.0,CODE BLUE                     ,HQ COMPLEX - PROPERTY RELATED ORDERS ONLY                   ,149.18,7,2024
QAL/00003     ,2024-07-05,7661.89,19.0,PPM TASK                                                    ,80.33,1.0,80.33,22442.0,CODE BLUE                     ,HQ COMPLEX - PROPERTY RELATED ORDERS ONLY                   ,80.33,7,2024
QAL/00003     ,2024-07-05,7661.89,20.0,PPM TASK                                                    ,103.28,1.0,103.28,22442.0,CODE BLUE                     ,HQ COMPLEX - PROPERTY RELATED ORDERS ONLY                   ,103.28,7,2024
QAL/00003     ,2024-07-05,7661.89,21.0,PPM TASK                                                    ,103.28,1.0,103.28,22442.0,CODE BLUE                     ,HQ COMPLEX - PROPERTY RELATED ORDERS ONLY                   ,103.28,7,2024
QAL/00003     ,2024-07-05,7661.89,22.0,PPM TASK                                                    ,57.38,1.0,57.38,22442.0,CODE BLUE                     ,HQ COMPLEX - PROPERTY RELATED ORDERS ONLY                   ,57.38,7,2024
QAL/00003     ,2024-07-05,7661.89,23.0,PPM TASK                                                    ,57.38,1.0,57.38,22442.0,CODE BLUE                     ,HQ COMPLEX - PROPERTY RELATED ORDERS ONLY                   ,57.38,7,2024
QAL/00003     ,2024-07-05,7661.89,24.0,PPM TASK                                                    ,126.23,1.0,126.23,22442.0,CODE BLUE                     ,HQ COMPLEX - PROPERTY RELATED ORDERS ONLY                   ,126.23,7,2024
QAL/00003     ,2024-07-05,7661.89,13.0,PPM TASK                                                    ,45.9,1.0,45.9,22442.0,CODE BLUE                     ,HQ COMPLEX - PROPERTY RELATED ORDERS ONLY                   ,45.9,7,2024
QAL/00003     ,2024-07-05,7661.89,14.0,PPM TASK                                                    ,45.9,1.0,45.9,22442.0,CODE BLUE                     ,HQ COMPLEX - PROPERTY RELATED ORDERS ONLY                   ,45.9,7,2024
QAL/00003     ,2024-07-05,7661.89,15.0,PPM TASK                                                    ,103.28,1.0,103.28,22442.0,CODE BLUE                     ,HQ COMPLEX - PROPERTY RELATED ORDERS ONLY                   ,103.28,7,2024
QAL/00003     ,2024-07-05,7661.89,16.0,PPM TASK                                                    ,126.23,1.0,126.23,22442.0,CODE BLUE                     ,HQ COMPLEX - PROPERTY RELATED ORDERS ONLY                   ,126.23,7,2024
QAL/00003     ,2024-07-05,7661.89,17.0,PPM TASK                                                    ,57.38,1.0,57.38,22442.0,CODE BLUE                     ,HQ COMPLEX - PROPERTY RELATED ORDERS ONLY                   ,57.38,7,2024
QAL/00003     ,2024-07-05,7661.89,18.0,PPM TASK                                                    ,80.33,1.0,80.33,22442.0,CODE BLUE                     ,HQ COMPLEX - PROPERTY RELATED ORDERS ONLY                   ,80.33,7,2024
QAL/00003     ,2024-07-05,7661.89,7.0,PPM TASK                                                    ,57.38,1.0,57.38,22442.0,CODE BLUE                     ,HQ COMPLEX - PROPERTY RELATED ORDERS ONLY                   ,57.38,7,2024
QAL/00003     ,2024-07-05,7661.89,8.0,PPM TASK                                                    ,34.43,1.0,34.43,22442.0,CODE BLUE                     ,HQ COMPLEX - PROPERTY RELATED ORDERS ONLY                   ,34.43,7,2024
QAL/00003     ,2024-07-05,7661.89,9.0,PPM TASK                                                    ,80.33,1.0,80.33,22442.0,CODE BLUE                     ,HQ COMPLEX - PROPERTY RELATED ORDERS ONLY                   ,80.33,7,2024
QAL/00003     ,2024-07-05,7661.89,10.0,PPM TASK                                                    ,34.43,1.0,34.43,22442.0,CODE BLUE                     ,HQ COMPLEX - PROPERTY RELATED ORDERS ONLY                   ,34.43,7,2024
QAL/00003     ,2024-07-05,7661.89,11.0,PPM TASK                                                    ,65.03,1.0,65.03,22442.0,CODE BLUE                     ,HQ COMPLEX - PROPERTY RELATED ORDERS ONLY                   ,65.03,7,2024
QAL/00003     ,2024-07-05,7661.89,12.0,PPM TASK                                                    ,57.38,1.0,57.38,22442.0,CODE BLUE                     ,HQ COMPLEX - PROPERTY RELATED ORDERS ONLY                   ,57.38,7,2024
WLV/00008     ,2024-06-06,6024.85,1.0,MERTON LOC- CHANGING ROOM LOCKER ROOMS                      ,1.0,6025.0,6024.85,22160.0,Bellrock (Portal) Property    ,MERTON LOC - PROPERTY ORDERS ONLY                           ,6025.0,6,2024
WLV/00009     ,2024-06-06,7456.6,1.0,MERTON LOC- DRYING ROOM WORKS- BUDGET 2132                  ,1.0,7457.0,7456.6,22160.0,Bellrock (Portal) Property    ,MERTON LOC - PROPERTY ORDERS ONLY                           ,7457.0,6,2024
WNR/00006     ,2024-01-05,6686.41,1.0,GP TECH-SERV- ANNUAL PPM BLANKET ORDER- BUDGET 2322         ,1.0,6686.0,6686.41,22046.0,GP TechServ Ltd               ,MERTON LOC - PROPERTY ORDERS ONLY                           ,6686.0,1,2024
TSF/07794     ,2024-07-06,5135.86,1.0,"PROFESSIONAL SERVICES, COUNSELLING                          ",5135.86,1.0,5135.86,14641.0,CORE IMS LTD                  ,HR - COUNSELLING & WELLBEING - EUSTON                       ,5135.86,7,2024
TSF/07461     ,2024-10-05,5250.0,1.0,"PROFESSIONAL SERVICES, EVENTS ORGANISATION                  ",5250.0,1.0,5250.0,22359.0,AKD Solutions Ltd             ,ORGANISATIONAL DEVELOPMENT (DTOD)                           ,5250.0,10,2024
TSF/07399     ,2024-08-05,9121.0,1.0,"HYDRANT PLATE, 6 SLOT, 4 HOLE,100 AT TOP & 1 AT BOTTOM,     ",2.36,3500.0,8260.0,1619.0,BRISSCO SIGNS & GRAPHICS      ,WATER OFFICE (US)                                           ,8260.0,8,2024
TSF/07399     ,2024-08-05,9121.0,2.0,"HYDRANT PLATE, S/A VINYL, PRINTED 100 AT TOP 1 AT BOTTOM    ",0.54,500.0,270.0,1619.0,BRISSCO SIGNS & GRAPHICS      ,WATER OFFICE (US)                                           ,270.0,8,2024
TSF/07399     ,2024-08-05,9121.0,3.0,"HYDRANT PLATE NUMERAL, 2, 24MMBLACK ON YELLOW, VINYL STICKER",3.64,30.0,109.2,1619.0,BRISSCO SIGNS & GRAPHICS      ,WATER OFFICE (US)                                           ,109.2,8,2024
TSF/07399     ,2024-08-05,9121.0,4.0,"HYDRANT PLATE NUMERAL, 4, 24MMBLACK ON YELLOW, VINYL STICKER",3.64,30.0,109.2,1619.0,BRISSCO SIGNS & GRAPHICS      ,WATER OFFICE (US)                                           ,109.2,8,2024
TSF/07399     ,2024-08-05,9121.0,5.0,"HYDRANT PLATE NUMERAL, 5, 24MMBLACK ON YELLOW, VINYL STICKER",3.64,30.0,109.2,1619.0,BRISSCO SIGNS & GRAPHICS      ,WATER OFFICE (US)                                           ,109.2,8,2024
TSF/07399     ,2024-08-05,9121.0,6.0,"HYDRANT PLATE NUMERAL, 7, 24MMBLACK ON YELLOW, VINYL STICKER",3.64,30.0,109.2,1619.0,BRISSCO SIGNS & GRAPHICS      ,WATER OFFICE (US)                                           ,109.2,8,2024
TSF/07399     ,2024-08-05,9121.0,7.0,"HYDRANT PLATE, ARROWS, 25MM,  BLACK ON YELLOW, REAR FIXING  ",3.64,30.0,109.2,1619.0,BRISSCO SIGNS & GRAPHICS      ,WATER OFFICE (US)                                           ,109.2,8,2024
TSF/07399     ,2024-08-05,9121.0,8.0,DELIVERY CHARGES                                            ,45.0,1.0,45.0,1619.0,BRISSCO SIGNS & GRAPHICS      ,WATER OFFICE (US)                                           ,45.0,8,2024
TSF/07044     ,2024-09-04,6000.0,1.0,CONFERENCE HIRE OF FACILITIES                               ,6000.0,1.0,6000.0,22531.0,ANSCO MUSIC CLUB LTD          ,FIRE SAFETY - PROTECTION UPLIFT PROGRAMME                   ,6000.0,9,2024
TSF/06938     ,2024-02-04,5981.5,1.0,"ESTATES, CATERING SERVICES                                  ",5981.5,1.0,5981.5,15633.0,Royal United Services Inst.   ,EMERGENCY PLANNING (OPS DEPARTMENT) - MERTON                ,5981.5,2,2024
TSF/07063     ,2024-09-04,7098.0,1.0,"CHAIR, MESS, STACKING, VINYL  COVER, GREY FRAME             ",101.4,70.0,7098.0,19325.0,HUNTERS CONTRACTS LIMITED     ,FIREFIGHTERS TRAINEES                                       ,7098.0,9,2024
TSF/07072     ,2024-12-04,6835.0,1.0,PPE PAYMENTS - BRISTOL UNIFORMS LTD                         ,1.0,6835.0,6835.0,1636.0,BRISTOL UNIFORMS LTD          ,TRAINING OPERATIONS                                         ,6835.0,12,2024
TSF/07078     ,2024-12-04,5230.96,1.0,TRAINING UNITARY PAYMENT -    BABCOCKS                      ,5230.96,1.0,5230.96,19789.0,BABCOCK TRAINING LTD          ,TRAINING OPERATIONS                                         ,5230.96,12,2024
TSF/07079     ,2024-12-04,6005.57,1.0,TRAINING UNITARY PAYMENT -    BABCOCKS                      ,6005.57,1.0,6005.57,19789.0,BABCOCK TRAINING LTD          ,TRAINING OPERATIONS                                         ,6005.57,12,2024
TSF/07779     ,2024-05-06,9000.0,1.0,TRAINING COURSES - EXTERNAL   (SUBJECTIVE: 1666)            ,9000.0,1.0,9000.0,22581.0,Premier People Solutions Ltd  ,TRAINING OPERATIONS                                         ,9000.0,5,2024
TSF/07780     ,2024-05-06,9000.0,1.0,TRAINING COURSES - EXTERNAL   (SUBJECTIVE: 1666)            ,9000.0,1.0,9000.0,22581.0,Premier People Solutions Ltd  ,TRAINING OPERATIONS                                         ,9000.0,5,2024
WLV/00003     ,2024-03-05,5000.0,2.0,ESTATE MAPPING PROJECT UNION STREET                         ,1.0,3500.0,3500.0,22160.0,Bellrock (Portal) Property    ,PROPERTY SERVICES MANAGEMENT & ADMIN                        ,3500.0,3,2024
WLV/00003     ,2024-03-05,5000.0,3.0,ESTATE MAPPING PROJECT VARIOUS                              ,1.0,1500.0,1500.0,22160.0,Bellrock (Portal) Property    ,PROPERTY SERVICES MANAGEMENT & ADMIN                        ,1500.0,3,2024
WNB/00002     ,2024-03-05,7155.6,1.0,DISPLAY ENERGY CERTIFICATES                                 ,1.0,7156.0,7155.6,2713.0,ENERGY AUDITING AGENCY LTD    ,PROPERTY SERVICES MANAGEMENT & ADMIN                        ,7156.0,3,2024
TSF/07065     ,2024-10-04,7200.0,1.0,ACCIDENT REPAIR PAYMENTS      - PFI CONTRACTOR              ,1.0,7200.0,7200.0,14924.0,BABCOCK CRITICAL SERVICES LTD ,FLEET VEHICLES & EQUIPMENT CONTRACT                         ,7200.0,10,2024
TSF/07784     ,2024-06-06,5941.76,1.0,"OPERATIONAL EQUIPMENT, FIRE - EQUIPMENT & SUPPLIES          ",67.52,88.0,5941.76,14924.0,BABCOCK CRITICAL SERVICES LTD ,FLEET VEHICLES & EQUIPMENT CONTRACT                         ,5941.759999999999,6,2024
PGS/13675     ,2024-04-04,5407.9,1.0,REPAIR OF EPDS                                              ,165.0,18.0,2970.0,4621.0,THERMO FISHER SCIENTIFIC      ,PEG CROYDON GENERAL PURCHASING                              ,2970.0,4,2024
PGS/13675     ,2024-04-04,5407.9,2.0,INVESTIGATION FEE FOR UNREPAIRED EPDS                       ,74.0,32.0,2368.0,4621.0,THERMO FISHER SCIENTIFIC      ,PEG CROYDON GENERAL PURCHASING                              ,2368.0,4,2024
PGS/13675     ,2024-04-04,5407.9,3.0,PACKAGE                                                     ,10.0,1.0,10.0,4621.0,THERMO FISHER SCIENTIFIC      ,PEG CROYDON GENERAL PURCHASING                              ,10.0,4,2024
PGS/13675     ,2024-04-04,5407.9,4.0,FREIGHT                                                     ,59.9,1.0,59.9,4621.0,THERMO FISHER SCIENTIFIC      ,PEG CROYDON GENERAL PURCHASING                              ,59.9,4,2024
PGS/13679     ,2024-05-04,8200.0,1.0,HAPSITE SERVICE/REPAIR CONTRACT 6TH APRIL TO 5TH JULY 2024  ,2050.0,1.0,2050.0,20279.0,INFICON                       ,PEG CROYDON GENERAL PURCHASING                              ,2050.0,5,2024
PGS/13679     ,2024-05-04,8200.0,2.0,HAPSITE SERVICE/REPAIR CONTRACT 6TH JULY TO 5TH OCT 2024    ,2050.0,1.0,2050.0,20279.0,INFICON                       ,PEG CROYDON GENERAL PURCHASING                              ,2050.0,5,2024
PGS/13736     ,2024-04-06,7080.0,1.0,PAS 10 SEPARATOR Y34791/S                                   ,3240.0,2.0,6480.0,12800.0,GAS & AIR SERVICES (UK)       ,PEG CROYDON GENERAL PURCHASING                              ,6480.0,4,2024
PGS/13736     ,2024-04-06,7080.0,2.0,LABOUR                                                      ,600.0,1.0,600.0,12800.0,GAS & AIR SERVICES (UK)       ,PEG CROYDON GENERAL PURCHASING                              ,600.0,4,2024
PGS/13741     ,2024-07-06,7440.0,1.0,R1 DRY SUITS SAF10025 RED/BLK AS PER AGREED SPEC TO BE SUPPL,495.0,15.0,7425.0,17485.0,SAFEQUIP LTD                  ,PEG CROYDON GENERAL PURCHASING                              ,7425.0,7,2024
PGS/13741     ,2024-07-06,7440.0,2.0,CARRIAGE                                                    ,15.0,1.0,15.0,17485.0,SAFEQUIP LTD                  ,PEG CROYDON GENERAL PURCHASING                              ,15.0,7,2024
PGS/13679     ,2024-05-04,8200.0,3.0,HAPSITE SERVICE/REPAIR CONTRACT 6TH OCT TO 5TH JAN 2025     ,2050.0,1.0,2050.0,20279.0,INFICON                       ,PEG CROYDON GENERAL PURCHASING                              ,2050.0,5,2024
PGS/13679     ,2024-05-04,8200.0,4.0,HAPSITE SERVICE/REPAIR CONTRACT 6TH JAN TO 5TH APRIL 2025   ,2050.0,1.0,2050.0,20279.0,INFICON                       ,PEG CROYDON GENERAL PURCHASING                              ,2050.0,5,2024
