Order Number,Order Date,Net Amount,Line Number,Part Description,Unit Cost,Order Quantity,Line Cost,Vendor ID,Vendor Name,Location Name
TSR/18271     ,10/05/2024,9156,1,"DRESSING, CHITOGAUZE          (IEC PACK)                    ",23.17,250,5792.5,20169       ,Safeguard Medical Technologies,OPERATIONAL SUPPORT GROUP - GENERAL STORE                   
TSR/18271     ,10/05/2024,9156,2,"DRESSING, CORIUS SEAL         (IEC PACK)                    ",5.91,350,2068.5,20169       ,Safeguard Medical Technologies,OPERATIONAL SUPPORT GROUP - GENERAL STORE                   
TSR/18271     ,10/05/2024,9156,3,"DRESSING, TRAUMA, PROMETHEUS  (IEC PACK)                    ",3.70,350,1295,20169       ,Safeguard Medical Technologies,OPERATIONAL SUPPORT GROUP - GENERAL STORE                   
TSR/18621     ,15/05/2024,5306.4,1,"WATER, BOTTLED, DRINKING,      OPERATIONAL USE ONLY         ",7.37,720,5306.4,3154        ,GREENHAM TRADING LTD          ,OPERATIONAL SUPPORT GROUP - UNIFORM STORE                   
TSF/08046     ,28/06/2024,7700,1,"PROFESSIONAL SERVICES, FINANCE CONSULTANCY                  ","7,700.00",1,7700,21121       ,LAVAT CONSULTING LTD T/A PSTAX,"FINANCE ACCOUNTANCY, SERVICE ACCOUNTS                       "
TSF/07470     ,13/05/2024,5925,1,SOFTWARE SUPPORT              (ICT)                         ,"5,925.00",1,5925,18817       ,ACTICA CONSULTING LTD         ,ICT - MANAGEMENT                                            
TSF/07621     ,23/05/2024,9409.92,1,SOFTWARE SUPPORT              (ICT)                         ,294.06,32,9409.92,11543       ,SPECIALIST COMPUTER CENTRE    ,ICT - MANAGEMENT                                            
TSF/07011     ,08/04/2024,9808.34,1,MOBILE SERVICES               (ICT)                         ,"9,808.34",1,9808.34,22499       ,Telefonica UK Ltd             ,ICT - SERVICE MANAGEMENT                                    
TSF/07351     ,01/05/2024,5121.91,1,SOFTWARE DEVELOPMENT - COTS   (ICT)                         ,"5,121.91",1,5121.91,12683       ,GREATER LONDON AUTHORITY      ,ICT - SERVICE MANAGEMENT                                    
TSF/07432     ,09/05/2024,9624.21,1,MOBILE SERVICES               (ICT)                         ,"9,624.21",1,9624.21,22499       ,Telefonica UK Ltd             ,ICT - SERVICE MANAGEMENT                                    
TSF/07524     ,14/05/2024,8820.17,1,NETWORK SERVICES              (ICT)                         ,186.94,1,186.94,1744        ,BRITISH TELECOM               ,ICT - SERVICE MANAGEMENT                                    
TSF/07524     ,14/05/2024,8820.17,2,NETWORK SERVICES              (ICT)                         ,"8,388.23",1,8388.23,1744        ,BRITISH TELECOM               ,ICT - SERVICE MANAGEMENT                                    
TSF/07524     ,14/05/2024,8820.17,3,NETWORK SERVICES              (ICT)                         ,245.00,1,245,1744        ,BRITISH TELECOM               ,ICT - SERVICE MANAGEMENT                                    
TSF/07825     ,10/06/2024,9573.26,1,MOBILE SERVICES               (ICT)                         ,"9,573.26",1,9573.26,22499       ,Telefonica UK Ltd             ,ICT - SERVICE MANAGEMENT                                    
TSF/07888     ,13/06/2024,5886.76,1,"ICT, CLOUD SERVICES                                         ",31.48,10,314.8,10026       ,PHOENIX SOFTWARE LTD          ,ICT - SERVICE MANAGEMENT                                    
TSF/07888     ,13/06/2024,5886.76,2,"ICT, CLOUD SERVICES                                         ",31.48,177,5571.96,10026       ,PHOENIX SOFTWARE LTD          ,ICT - SERVICE MANAGEMENT                                    
ITS/14949     ,08/05/2024,5850,1,SOFTWARE DEVELOPMENT - BESPOKE(ICT)                         ,975.00,6,5850,8741        ,AZTEC COMPUTING LTD           ,ICT - SYSTEMS SUPPORT & IMPROVEMENT                         
TSF/06956     ,04/04/2024,6267.53,1,HARDWARE SUPPORT              (ICT)                         ,"6,267.53",1,6267.53,9074        ,SSS Public Safety Limited     ,ICT - SYSTEMS SUPPORT & IMPROVEMENT                         
TSF/07293     ,25/04/2024,9355,1,SOFTWARE PURCHASE             (ICT)                         ,"9,355.00",1,9355,14690       ,CARDINUS RISK MANAGEMENT LTD  ,ICT - SYSTEMS SUPPORT & IMPROVEMENT                         
TSF/07307     ,26/04/2024,9105,1,SOFTWARE SUPPORT              (ICT)                         ,"9,105.00",1,9105,22352       ,Workshare Limited             ,ICT - SYSTEMS SUPPORT & IMPROVEMENT                         
TSF/07342     ,30/04/2024,8924,1,MUTUAL ASSISTANCE                                           ,388.00,23,8924,13474       ,BUCKS & MILTON KEYNES FIRE AUT,ICT - SYSTEMS SUPPORT & IMPROVEMENT                         
TSF/07142     ,17/04/2024,6780,1,SOFTWARE LICENCES             (ICT)                         ,860.00,1,860,19669       ,1SPATIAL                      ,ICT - TECHNICAL PROJECTS                                    
TSF/07142     ,17/04/2024,6780,2,SOFTWARE LICENCES             (ICT)                         ,860.00,1,860,19669       ,1SPATIAL                      ,ICT - TECHNICAL PROJECTS                                    
TSF/07142     ,17/04/2024,6780,3,SOFTWARE LICENCES             (ICT)                         ,860.00,1,860,19669       ,1SPATIAL                      ,ICT - TECHNICAL PROJECTS                                    
TSF/07142     ,17/04/2024,6780,4,SOFTWARE LICENCES             (ICT)                         ,"2,100.00",1,2100,19669       ,1SPATIAL                      ,ICT - TECHNICAL PROJECTS                                    
TSF/07142     ,17/04/2024,6780,5,SOFTWARE LICENCES             (ICT)                         ,"2,100.00",1,2100,19669       ,1SPATIAL                      ,ICT - TECHNICAL PROJECTS                                    
TSF/07791     ,06/06/2024,5402.71,1,HARDWARE PURCHASE             (ICT)                         ,"5,402.71",1,5402.71,11543       ,SPECIALIST COMPUTER CENTRE    ,ICT - TECHNICAL PROJECTS                                    
TSF/07798     ,07/06/2024,5500,1,SOFTWARE SUPPORT              (ICT)                         ,180.00,25,4500,1906        ,INFOR (UNITED KINGDOM) LIMITED,ICT - TECHNICAL PROJECTS                                    
TSF/07798     ,07/06/2024,5500,2,SOFTWARE SUPPORT              (ICT)                         ,200.00,5,1000,1906        ,INFOR (UNITED KINGDOM) LIMITED,ICT - TECHNICAL PROJECTS                                    
TSF/06899     ,02/04/2024,5580,1,SOFTWARE LICENCES             (ICT)                         ,"5,580.00",1,5580,10026       ,PHOENIX SOFTWARE LTD          ,ICT - SERVER & CLOUD                                        
TSF/07241     ,23/04/2024,5826.44,1,SOFTWARE LICENCES             (ICT)                         ,"5,826.44",1,5826.44,10026       ,PHOENIX SOFTWARE LTD          ,ICT - SERVER & CLOUD                                        
TSF/07242     ,23/04/2024,7752.09,1,SOFTWARE LICENCES             (ICT)                         ,"2,756.16",1,2756.16,10026       ,PHOENIX SOFTWARE LTD          ,ICT - SERVER & CLOUD                                        
TSF/07242     ,23/04/2024,7752.09,2,SOFTWARE LICENCES             (ICT)                         ,348.48,1,348.48,10026       ,PHOENIX SOFTWARE LTD          ,ICT - SERVER & CLOUD                                        
TSF/07242     ,23/04/2024,7752.09,3,SOFTWARE LICENCES             (ICT)                         ,"4,647.45",1,4647.45,10026       ,PHOENIX SOFTWARE LTD          ,ICT - SERVER & CLOUD                                        
TSF/07618     ,23/05/2024,5826.44,1,SOFTWARE LICENCES             (ICT)                         ,"5,826.44",1,5826.44,10026       ,PHOENIX SOFTWARE LTD          ,ICT - SERVER & CLOUD                                        
TSF/07622     ,23/05/2024,8350.13,1,HARDWARE SUPPORT              (ICT)                         ,"8,350.13",1,8350.13,11543       ,SPECIALIST COMPUTER CENTRE    ,ICT - NETWORK GROUP                                         
TSF/07954     ,19/06/2024,5250,1,SOFTWARE DEVELOPMENT - BESPOKE(ICT)                         ,1.00,"5,250",5250,16191       ,CADCORP                       ,ICT - ENTERPRISE APPLICATION DELIVERY                       
TSF/07005     ,05/04/2024,6451.82,1,TECHNOLOGY SOLUTIONS          (ICT)                         ,"6,451.82",1,6451.82,1692        ,IRON MOUNTAIN UK PLC          ,ICT - TECHNICAL SUPPORT                                     
TSF/07378     ,03/05/2024,6528.2,1,TECHNOLOGY SOLUTIONS          (ICT)                         ,"6,528.20",1,6528.2,1692        ,IRON MOUNTAIN UK PLC          ,ICT - TECHNICAL SUPPORT                                     
TSF/07793     ,06/06/2024,7043.64,1,TECHNOLOGY SOLUTIONS          (ICT)                         ,"7,043.64",1,7043.64,1692        ,IRON MOUNTAIN UK PLC          ,ICT - TECHNICAL SUPPORT                                     
TSF/06972     ,04/04/2024,5000,1,POSTAL/COURIER SERVICES (HQ)  - CITY SPRINT                 ,1.00,"5,000",5000,5435        ,CITYSPRINT (UK) LTD           ,ICT - DOCUMENT MANAGEMENT                                   
TSF/07722     ,03/06/2024,5792,1,"SMOKE ALARM, THERMOTEK WST-630, HEARING IMPAIRED            ",189.80,10,1898,17284       ,FIREANGEL SAFETY TECHNOLOGY LD,(NW) COMMUNITY SAFETY - WEMBLEY                             
TSF/07722     ,03/06/2024,5792,2,STROBE & VIBRATING PAD PACK                                 ,389.40,10,3894,17284       ,FIREANGEL SAFETY TECHNOLOGY LD,(NW) COMMUNITY SAFETY - WEMBLEY                             
TSF/07254     ,23/04/2024,6784.73,1,"OPERATIONAL EQUIPMENT, FIRE - EQUIPMENT & SUPPLIES          ",546.23,1,546.23,14924       ,BABCOCK CRITICAL SERVICES LTD ,FLEET OPERATIONAL EQUIPMENT - CAPITAL                       
TSF/07254     ,23/04/2024,6784.73,2,"OPERATIONAL EQUIPMENT, FIRE - EQUIPMENT & SUPPLIES          ","6,238.50",1,6238.5,14924       ,BABCOCK CRITICAL SERVICES LTD ,FLEET OPERATIONAL EQUIPMENT - CAPITAL                       
TSF/07317     ,29/04/2024,9494.91,1,"OPERATIONAL EQUIPMENT, FIRE - EQUIPMENT & SUPPLIES          ","5,034.01",1,5034.01,14924       ,BABCOCK CRITICAL SERVICES LTD ,FLEET OPERATIONAL EQUIPMENT - CAPITAL                       
TSF/07317     ,29/04/2024,9494.91,2,"OPERATIONAL EQUIPMENT, FIRE - EQUIPMENT & SUPPLIES          ","4,460.90",1,4460.9,14924       ,BABCOCK CRITICAL SERVICES LTD ,FLEET OPERATIONAL EQUIPMENT - CAPITAL                       
WNH/00003     ,12/04/2024,8824.46,1,LEE GREEN FIRE STATION - ELECTRICAL REWIRE PROJECT          ,1.00,"8,824",8824.46,17096       ,FRANKHAM CONSULTANCY GROUP LTD,LEE GREEN FIRE STATION (E29)                                
WLX/00009     ,27/06/2024,6016.8,1,PFI PROJECT CHANGE CONTROL                                  ,1.00,"6,017",6016.8,20116       ,BLUE3 LONDON LTD OPERATING    ,OLD KENT ROAD FIRE STATION (E35)                            
WRI/00002     ,16/04/2024,8000,1,NEW LFB HEADQUARTERS                                        ,1.00,"8,000",8000,22684       ,Core Five Consulting Limited  ,LAMBETH FIRE STATION (E44)                                  
WON/00002     ,05/04/2024,7000,1,CROYDON SUPPLY` AND DELIVERY OF PELLETS FOR BIOMASS BOLIER  ,1.00,"7,000",7000,19975       ,LC ENERGY LTD                 ,CROYDON FIRE STATION (E61)                                  
WRM/00002     ,13/06/2024,6000,1,NEW LFB HEADQUARTERS                                        ,1.00,"6,000",6000,22042       ,Weightmans LLP                ,SHOREDITCH FIRE STATION (F24)                               
WLD/00007     ,30/04/2024,5424.6,1,EDGE PROTECTION WORKS                                       ,1.00,"5,425",5424.6,22473       ,ABM Technical Solutions Ltd   ,HOMERTON FIRE STATION (F28)                                 
WQY/00002     ,25/04/2024,9261.09,1,PUBLIC SECTOR DECARBONISATION SCHEME 2023 (PSDS PHASE 3C)   ,1.00,"9,261",9261.09,20215       ,UK POWER NETWORKS             ,ISLINGTON FIRE STATION (F50)                                
WQV/00002     ,22/04/2024,5300,1,HARROW TRAINING CENTRE - STRUCTURAL ENGINEERING SERVICES    ,1.00,"5,300",5300,22114       ,Tetra Tech                    ,HARROW FIRE STATION (G21)                                   
WLD/00008     ,30/04/2024,8987.91,1,EDGE PROTECTION WORKS                                       ,1.00,"8,988",8987.91,22473       ,ABM Technical Solutions Ltd   ,PARK ROYAL FIRE STATION (G29)                               
WLD/00009     ,30/04/2024,9259.14,1,EDGE PROTECTION WORKS                                       ,1.00,"9,259",9259.14,22473       ,ABM Technical Solutions Ltd   ,WEMBLEY FIRE STATION (G30)                                  
WRJ/00002     ,23/04/2024,8436.2,1,EPPH HESTON ? ENABLING WORKS AND INSTALLATION OF NEW FLUE   ,1.00,"8,436",8436.2,22636       ,EPPH Limited                  ,HESTON FIRE STATION (G38)                                   
WLP/00011     ,11/04/2024,5743.86,1,PRIVACY FOR ALL                                             ,1.00,"5,744",5743.86,19094       ,B NOKES CONTRACTS LTD         ,HENDON FIRE STATION (G52)                                   
QAL/00003     ,07/05/2024,7661.89,1,PPM TASK                                                    ,126.23,1,126.23,22442       ,CODE BLUE                     ,HQ COMPLEX - PROPERTY RELATED ORDERS ONLY                   
QAL/00003     ,07/05/2024,7661.89,2,PPM TASK                                                    ,103.28,1,103.28,22442       ,CODE BLUE                     ,HQ COMPLEX - PROPERTY RELATED ORDERS ONLY                   
QAL/00003     ,07/05/2024,7661.89,3,PPM TASK                                                    ,80.33,1,80.33,22442       ,CODE BLUE                     ,HQ COMPLEX - PROPERTY RELATED ORDERS ONLY                   
QAL/00003     ,07/05/2024,7661.89,4,PPM TASK                                                    ,57.38,1,57.38,22442       ,CODE BLUE                     ,HQ COMPLEX - PROPERTY RELATED ORDERS ONLY                   
QAL/00003     ,07/05/2024,7661.89,5,PPM TASK                                                    ,57.38,1,57.38,22442       ,CODE BLUE                     ,HQ COMPLEX - PROPERTY RELATED ORDERS ONLY                   
QAL/00003     ,07/05/2024,7661.89,6,PPM TASK                                                    ,45.90,1,45.9,22442       ,CODE BLUE                     ,HQ COMPLEX - PROPERTY RELATED ORDERS ONLY                   
UEB/00050     ,02/05/2024,7574.45,5,IN10369729:ELE 0424:0                                       ,"3,822.14",1,3822.14,16763       ,NPOWER LTD                    ,HQ COMPLEX - PROPERTY RELATED ORDERS ONLY                   
UEB/00050     ,02/05/2024,7574.45,6,IN10369731:ELE 0424:0                                       ,"2,782.61",1,2782.61,16763       ,NPOWER LTD                    ,HQ COMPLEX - PROPERTY RELATED ORDERS ONLY                   
UEB/00050     ,02/05/2024,7574.45,7,IN10369730:ELE 0424:0                                       ,478.36,1,478.36,16763       ,NPOWER LTD                    ,HQ COMPLEX - PROPERTY RELATED ORDERS ONLY                   
UEB/00050     ,02/05/2024,7574.45,8,IN10369725:ELE 0424:0                                       ,88.54,1,88.54,16763       ,NPOWER LTD                    ,HQ COMPLEX - PROPERTY RELATED ORDERS ONLY                   
QZK/00016     ,03/06/2024,5551.4,1,PPM TASK                                                    ,"5,551.40",1,5551.4,20793       ,"Mitie FM Limited,             ",HQ COMPLEX - PROPERTY RELATED ORDERS ONLY                   
QZL/00006     ,03/06/2024,6598.24,1,* QUOTE * - TO SUPPLY QUOTATIO                              ,"6,598.24",1,6598.24,20793       ,"Mitie FM Limited,             ",HQ COMPLEX - PROPERTY RELATED ORDERS ONLY                   
UEB/00050     ,02/05/2024,7574.45,1,IN10369729:ELE 0424:0                                       ,84.42,1,84.42,16763       ,NPOWER LTD                    ,HQ COMPLEX - PROPERTY RELATED ORDERS ONLY                   
UEB/00050     ,02/05/2024,7574.45,2,IN10369729:ELE 0424:0                                       ,74.05,1,74.05,16763       ,NPOWER LTD                    ,HQ COMPLEX - PROPERTY RELATED ORDERS ONLY                   
UEB/00050     ,02/05/2024,7574.45,3,IN10369729:ELE 0424:0                                       ,97.02,1,97.02,16763       ,NPOWER LTD                    ,HQ COMPLEX - PROPERTY RELATED ORDERS ONLY                   
UEB/00050     ,02/05/2024,7574.45,4,IN10369729:ELE 0424:0                                       ,147.31,1,147.31,16763       ,NPOWER LTD                    ,HQ COMPLEX - PROPERTY RELATED ORDERS ONLY                   
QZK/00003     ,15/04/2024,5559.68,4,PPM TASK                                                    ,"1,258.04",1,1258.04,20793       ,"Mitie FM Limited,             ",HQ COMPLEX - PROPERTY RELATED ORDERS ONLY                   
QZK/00015     ,03/06/2024,9668.1,1,PPM TASK                                                    ,"1,258.04",1,1258.04,20793       ,"Mitie FM Limited,             ",HQ COMPLEX - PROPERTY RELATED ORDERS ONLY                   
QZK/00015     ,03/06/2024,9668.1,2,PPM TASK                                                    ,"2,749.39",1,2749.39,20793       ,"Mitie FM Limited,             ",HQ COMPLEX - PROPERTY RELATED ORDERS ONLY                   
QZK/00015     ,03/06/2024,9668.1,3,PPM TASK                                                    ,"1,612.12",1,1612.12,20793       ,"Mitie FM Limited,             ",HQ COMPLEX - PROPERTY RELATED ORDERS ONLY                   
QZK/00015     ,03/06/2024,9668.1,4,PPM TASK                                                    ,"1,917.00",1,1917,20793       ,"Mitie FM Limited,             ",HQ COMPLEX - PROPERTY RELATED ORDERS ONLY                   
QZK/00015     ,03/06/2024,9668.1,5,PPM TASK                                                    ,"2,131.55",1,2131.55,20793       ,"Mitie FM Limited,             ",HQ COMPLEX - PROPERTY RELATED ORDERS ONLY                   
QEB/00007     ,24/06/2024,6544.89,1,SCOPE  PROCURE  ARRANGE AND MA                              ,"6,544.89",1,6544.89,22115       ,Tersus Consultancy Ltd        ,HQ COMPLEX - PROPERTY RELATED ORDERS ONLY                   
QUI/00217     ,28/05/2024,6148.4,1,668227 . QLFB00050081 EXTERNAL                              ,"6,148.40",1,6148.4,22469       ,Bellrock (South) Property & FM,HQ COMPLEX - PROPERTY RELATED ORDERS ONLY                   
QUJ/00002     ,25/04/2024,5423.74,1,677997 . QLFB00054811 EXTERNAL                              ,"5,423.74",1,5423.74,22469       ,Bellrock (South) Property & FM,HQ COMPLEX - PROPERTY RELATED ORDERS ONLY                   
QZK/00003     ,15/04/2024,5559.68,1,PPM TASK                                                    ,"1,258.04",1,1258.04,20793       ,"Mitie FM Limited,             ",HQ COMPLEX - PROPERTY RELATED ORDERS ONLY                   
QZK/00003     ,15/04/2024,5559.68,2,PPM TASK                                                    ,"1,612.12",1,1612.12,20793       ,"Mitie FM Limited,             ",HQ COMPLEX - PROPERTY RELATED ORDERS ONLY                   
QZK/00003     ,15/04/2024,5559.68,3,PPM TASK                                                    ,"1,431.48",1,1431.48,20793       ,"Mitie FM Limited,             ",HQ COMPLEX - PROPERTY RELATED ORDERS ONLY                   
QAL/00003     ,07/05/2024,7661.89,97,PPM TASK                                                    ,57.38,1,57.38,22442       ,CODE BLUE                     ,HQ COMPLEX - PROPERTY RELATED ORDERS ONLY                   
QBJ/00002     ,25/04/2024,5912.18,1,QUOTED WORKS - APPROVED                                     ,"5,912.18",1,5912.18,22473       ,ABM Technical Solutions Ltd   ,HQ COMPLEX - PROPERTY RELATED ORDERS ONLY                   
QBJ/00003     ,25/04/2024,9364.3,1,QUOTED WORKS - APPROVED                                     ,"9,364.30",1,9364.3,22473       ,ABM Technical Solutions Ltd   ,HQ COMPLEX - PROPERTY RELATED ORDERS ONLY                   
QBK/00122     ,07/05/2024,7011.08,1,QUOTED WORKS - APPROVED                                     ,"7,011.08",1,7011.08,22473       ,ABM Technical Solutions Ltd   ,HQ COMPLEX - PROPERTY RELATED ORDERS ONLY                   
QBK/00149     ,10/06/2024,7730.2,1,ATTENDANCE                                                  ,"7,730.20",1,7730.2,22473       ,ABM Technical Solutions Ltd   ,HQ COMPLEX - PROPERTY RELATED ORDERS ONLY                   
QEB/00006     ,24/06/2024,7509.84,1,SCOPE  PROCURE  ARRANGE AND MA                              ,"7,509.84",1,7509.84,22115       ,Tersus Consultancy Ltd        ,HQ COMPLEX - PROPERTY RELATED ORDERS ONLY                   
QAL/00003     ,07/05/2024,7661.89,91,PPM TASK                                                    ,103.28,1,103.28,22442       ,CODE BLUE                     ,HQ COMPLEX - PROPERTY RELATED ORDERS ONLY                   
QAL/00003     ,07/05/2024,7661.89,92,PPM TASK                                                    ,34.43,1,34.43,22442       ,CODE BLUE                     ,HQ COMPLEX - PROPERTY RELATED ORDERS ONLY                   
QAL/00003     ,07/05/2024,7661.89,93,PPM TASK                                                    ,57.38,1,57.38,22442       ,CODE BLUE                     ,HQ COMPLEX - PROPERTY RELATED ORDERS ONLY                   
QAL/00003     ,07/05/2024,7661.89,94,PPM TASK                                                    ,57.38,1,57.38,22442       ,CODE BLUE                     ,HQ COMPLEX - PROPERTY RELATED ORDERS ONLY                   
QAL/00003     ,07/05/2024,7661.89,95,PPM TASK                                                    ,57.38,1,57.38,22442       ,CODE BLUE                     ,HQ COMPLEX - PROPERTY RELATED ORDERS ONLY                   
QAL/00003     ,07/05/2024,7661.89,96,PPM TASK                                                    ,57.38,1,57.38,22442       ,CODE BLUE                     ,HQ COMPLEX - PROPERTY RELATED ORDERS ONLY                   
QAL/00003     ,07/05/2024,7661.89,85,PPM TASK                                                    ,87.98,1,87.98,22442       ,CODE BLUE                     ,HQ COMPLEX - PROPERTY RELATED ORDERS ONLY                   
QAL/00003     ,07/05/2024,7661.89,86,PPM TASK                                                    ,80.33,1,80.33,22442       ,CODE BLUE                     ,HQ COMPLEX - PROPERTY RELATED ORDERS ONLY                   
QAL/00003     ,07/05/2024,7661.89,87,PPM TASK                                                    ,103.28,1,103.28,22442       ,CODE BLUE                     ,HQ COMPLEX - PROPERTY RELATED ORDERS ONLY                   
QAL/00003     ,07/05/2024,7661.89,88,PPM TASK                                                    ,68.85,1,68.85,22442       ,CODE BLUE                     ,HQ COMPLEX - PROPERTY RELATED ORDERS ONLY                   
QAL/00003     ,07/05/2024,7661.89,89,PPM TASK                                                    ,91.80,1,91.8,22442       ,CODE BLUE                     ,HQ COMPLEX - PROPERTY RELATED ORDERS ONLY                   
QAL/00003     ,07/05/2024,7661.89,90,PPM TASK                                                    ,103.28,1,103.28,22442       ,CODE BLUE                     ,HQ COMPLEX - PROPERTY RELATED ORDERS ONLY                   
QAL/00003     ,07/05/2024,7661.89,79,PPM TASK                                                    ,11.48,1,11.48,22442       ,CODE BLUE                     ,HQ COMPLEX - PROPERTY RELATED ORDERS ONLY                   
QAL/00003     ,07/05/2024,7661.89,80,PPM TASK                                                    ,68.85,1,68.85,22442       ,CODE BLUE                     ,HQ COMPLEX - PROPERTY RELATED ORDERS ONLY                   
QAL/00003     ,07/05/2024,7661.89,81,PPM TASK                                                    ,80.33,1,80.33,22442       ,CODE BLUE                     ,HQ COMPLEX - PROPERTY RELATED ORDERS ONLY                   
QAL/00003     ,07/05/2024,7661.89,82,PPM TASK                                                    ,57.38,1,57.38,22442       ,CODE BLUE                     ,HQ COMPLEX - PROPERTY RELATED ORDERS ONLY                   
QAL/00003     ,07/05/2024,7661.89,83,PPM TASK                                                    ,45.90,1,45.9,22442       ,CODE BLUE                     ,HQ COMPLEX - PROPERTY RELATED ORDERS ONLY                   
QAL/00003     ,07/05/2024,7661.89,84,PPM TASK                                                    ,91.80,1,91.8,22442       ,CODE BLUE                     ,HQ COMPLEX - PROPERTY RELATED ORDERS ONLY                   
QAL/00003     ,07/05/2024,7661.89,73,PPM TASK                                                    ,133.88,1,133.88,22442       ,CODE BLUE                     ,HQ COMPLEX - PROPERTY RELATED ORDERS ONLY                   
QAL/00003     ,07/05/2024,7661.89,74,PPM TASK                                                    ,45.90,1,45.9,22442       ,CODE BLUE                     ,HQ COMPLEX - PROPERTY RELATED ORDERS ONLY                   
QAL/00003     ,07/05/2024,7661.89,75,PPM TASK                                                    ,68.85,1,68.85,22442       ,CODE BLUE                     ,HQ COMPLEX - PROPERTY RELATED ORDERS ONLY                   
QAL/00003     ,07/05/2024,7661.89,76,PPM TASK                                                    ,57.38,1,57.38,22442       ,CODE BLUE                     ,HQ COMPLEX - PROPERTY RELATED ORDERS ONLY                   
QAL/00003     ,07/05/2024,7661.89,77,PPM TASK                                                    ,57.38,1,57.38,22442       ,CODE BLUE                     ,HQ COMPLEX - PROPERTY RELATED ORDERS ONLY                   
QAL/00003     ,07/05/2024,7661.89,78,PPM TASK                                                    ,91.80,1,91.8,22442       ,CODE BLUE                     ,HQ COMPLEX - PROPERTY RELATED ORDERS ONLY                   
QAL/00003     ,07/05/2024,7661.89,67,PPM TASK                                                    ,114.76,1,114.76,22442       ,CODE BLUE                     ,HQ COMPLEX - PROPERTY RELATED ORDERS ONLY                   
QAL/00003     ,07/05/2024,7661.89,68,PPM TASK                                                    ,80.33,1,80.33,22442       ,CODE BLUE                     ,HQ COMPLEX - PROPERTY RELATED ORDERS ONLY                   
QAL/00003     ,07/05/2024,7661.89,69,PPM TASK                                                    ,126.23,1,126.23,22442       ,CODE BLUE                     ,HQ COMPLEX - PROPERTY RELATED ORDERS ONLY                   
QAL/00003     ,07/05/2024,7661.89,70,PPM TASK                                                    ,80.33,1,80.33,22442       ,CODE BLUE                     ,HQ COMPLEX - PROPERTY RELATED ORDERS ONLY                   
QAL/00003     ,07/05/2024,7661.89,71,PPM TASK                                                    ,114.76,1,114.76,22442       ,CODE BLUE                     ,HQ COMPLEX - PROPERTY RELATED ORDERS ONLY                   
QAL/00003     ,07/05/2024,7661.89,72,PPM TASK                                                    ,45.90,1,45.9,22442       ,CODE BLUE                     ,HQ COMPLEX - PROPERTY RELATED ORDERS ONLY                   
QAL/00003     ,07/05/2024,7661.89,61,PPM TASK                                                    ,49.73,1,49.73,22442       ,CODE BLUE                     ,HQ COMPLEX - PROPERTY RELATED ORDERS ONLY                   
QAL/00003     ,07/05/2024,7661.89,62,PPM TASK                                                    ,57.38,1,57.38,22442       ,CODE BLUE                     ,HQ COMPLEX - PROPERTY RELATED ORDERS ONLY                   
QAL/00003     ,07/05/2024,7661.89,63,PPM TASK                                                    ,80.33,1,80.33,22442       ,CODE BLUE                     ,HQ COMPLEX - PROPERTY RELATED ORDERS ONLY                   
QAL/00003     ,07/05/2024,7661.89,64,PPM TASK                                                    ,57.38,1,57.38,22442       ,CODE BLUE                     ,HQ COMPLEX - PROPERTY RELATED ORDERS ONLY                   
QAL/00003     ,07/05/2024,7661.89,65,PPM TASK                                                    ,68.85,1,68.85,22442       ,CODE BLUE                     ,HQ COMPLEX - PROPERTY RELATED ORDERS ONLY                   
QAL/00003     ,07/05/2024,7661.89,66,PPM TASK                                                    ,57.38,1,57.38,22442       ,CODE BLUE                     ,HQ COMPLEX - PROPERTY RELATED ORDERS ONLY                   
QAL/00003     ,07/05/2024,7661.89,55,PPM TASK                                                    ,103.28,1,103.28,22442       ,CODE BLUE                     ,HQ COMPLEX - PROPERTY RELATED ORDERS ONLY                   
QAL/00003     ,07/05/2024,7661.89,56,PPM TASK                                                    ,68.85,1,68.85,22442       ,CODE BLUE                     ,HQ COMPLEX - PROPERTY RELATED ORDERS ONLY                   
QAL/00003     ,07/05/2024,7661.89,57,PPM TASK                                                    ,168.31,1,168.31,22442       ,CODE BLUE                     ,HQ COMPLEX - PROPERTY RELATED ORDERS ONLY                   
QAL/00003     ,07/05/2024,7661.89,58,PPM TASK                                                    ,49.73,1,49.73,22442       ,CODE BLUE                     ,HQ COMPLEX - PROPERTY RELATED ORDERS ONLY                   
QAL/00003     ,07/05/2024,7661.89,59,PPM TASK                                                    ,57.38,1,57.38,22442       ,CODE BLUE                     ,HQ COMPLEX - PROPERTY RELATED ORDERS ONLY                   
QAL/00003     ,07/05/2024,7661.89,60,PPM TASK                                                    ,103.28,1,103.28,22442       ,CODE BLUE                     ,HQ COMPLEX - PROPERTY RELATED ORDERS ONLY                   
QAL/00003     ,07/05/2024,7661.89,49,PPM TASK                                                    ,57.38,1,57.38,22442       ,CODE BLUE                     ,HQ COMPLEX - PROPERTY RELATED ORDERS ONLY                   
QAL/00003     ,07/05/2024,7661.89,50,PPM TASK                                                    ,57.38,1,57.38,22442       ,CODE BLUE                     ,HQ COMPLEX - PROPERTY RELATED ORDERS ONLY                   
QAL/00003     ,07/05/2024,7661.89,51,PPM TASK                                                    ,68.85,1,68.85,22442       ,CODE BLUE                     ,HQ COMPLEX - PROPERTY RELATED ORDERS ONLY                   
QAL/00003     ,07/05/2024,7661.89,52,PPM TASK                                                    ,80.33,1,80.33,22442       ,CODE BLUE                     ,HQ COMPLEX - PROPERTY RELATED ORDERS ONLY                   
QAL/00003     ,07/05/2024,7661.89,53,PPM TASK                                                    ,53.55,1,53.55,22442       ,CODE BLUE                     ,HQ COMPLEX - PROPERTY RELATED ORDERS ONLY                   
QAL/00003     ,07/05/2024,7661.89,54,PPM TASK                                                    ,57.38,1,57.38,22442       ,CODE BLUE                     ,HQ COMPLEX - PROPERTY RELATED ORDERS ONLY                   
QAL/00003     ,07/05/2024,7661.89,43,PPM TASK                                                    ,149.18,1,149.18,22442       ,CODE BLUE                     ,HQ COMPLEX - PROPERTY RELATED ORDERS ONLY                   
QAL/00003     ,07/05/2024,7661.89,44,PPM TASK                                                    ,103.28,1,103.28,22442       ,CODE BLUE                     ,HQ COMPLEX - PROPERTY RELATED ORDERS ONLY                   
QAL/00003     ,07/05/2024,7661.89,45,PPM TASK                                                    ,68.85,1,68.85,22442       ,CODE BLUE                     ,HQ COMPLEX - PROPERTY RELATED ORDERS ONLY                   
QAL/00003     ,07/05/2024,7661.89,46,PPM TASK                                                    ,80.33,1,80.33,22442       ,CODE BLUE                     ,HQ COMPLEX - PROPERTY RELATED ORDERS ONLY                   
QAL/00003     ,07/05/2024,7661.89,47,PPM TASK                                                    ,218.04,1,218.04,22442       ,CODE BLUE                     ,HQ COMPLEX - PROPERTY RELATED ORDERS ONLY                   
QAL/00003     ,07/05/2024,7661.89,48,PPM TASK                                                    ,80.33,1,80.33,22442       ,CODE BLUE                     ,HQ COMPLEX - PROPERTY RELATED ORDERS ONLY                   
QAL/00003     ,07/05/2024,7661.89,37,PPM TASK                                                    ,72.68,1,72.68,22442       ,CODE BLUE                     ,HQ COMPLEX - PROPERTY RELATED ORDERS ONLY                   
QAL/00003     ,07/05/2024,7661.89,38,PPM TASK                                                    ,80.33,1,80.33,22442       ,CODE BLUE                     ,HQ COMPLEX - PROPERTY RELATED ORDERS ONLY                   
QAL/00003     ,07/05/2024,7661.89,39,PPM TASK                                                    ,80.33,1,80.33,22442       ,CODE BLUE                     ,HQ COMPLEX - PROPERTY RELATED ORDERS ONLY                   
QAL/00003     ,07/05/2024,7661.89,40,PPM TASK                                                    ,80.33,1,80.33,22442       ,CODE BLUE                     ,HQ COMPLEX - PROPERTY RELATED ORDERS ONLY                   
QAL/00003     ,07/05/2024,7661.89,41,PPM TASK                                                    ,53.55,1,53.55,22442       ,CODE BLUE                     ,HQ COMPLEX - PROPERTY RELATED ORDERS ONLY                   
QAL/00003     ,07/05/2024,7661.89,42,PPM TASK                                                    ,72.68,1,72.68,22442       ,CODE BLUE                     ,HQ COMPLEX - PROPERTY RELATED ORDERS ONLY                   
QAL/00003     ,07/05/2024,7661.89,31,PPM TASK                                                    ,99.46,1,99.46,22442       ,CODE BLUE                     ,HQ COMPLEX - PROPERTY RELATED ORDERS ONLY                   
QAL/00003     ,07/05/2024,7661.89,32,PPM TASK                                                    ,57.38,1,57.38,22442       ,CODE BLUE                     ,HQ COMPLEX - PROPERTY RELATED ORDERS ONLY                   
QAL/00003     ,07/05/2024,7661.89,33,PPM TASK                                                    ,214.21,1,214.21,22442       ,CODE BLUE                     ,HQ COMPLEX - PROPERTY RELATED ORDERS ONLY                   
QAL/00003     ,07/05/2024,7661.89,34,PPM TASK                                                    ,91.80,1,91.8,22442       ,CODE BLUE                     ,HQ COMPLEX - PROPERTY RELATED ORDERS ONLY                   
QAL/00003     ,07/05/2024,7661.89,35,PPM TASK                                                    ,57.38,1,57.38,22442       ,CODE BLUE                     ,HQ COMPLEX - PROPERTY RELATED ORDERS ONLY                   
QAL/00003     ,07/05/2024,7661.89,36,PPM TASK                                                    ,114.76,1,114.76,22442       ,CODE BLUE                     ,HQ COMPLEX - PROPERTY RELATED ORDERS ONLY                   
QAL/00003     ,07/05/2024,7661.89,25,PPM TASK                                                    ,22.95,1,22.95,22442       ,CODE BLUE                     ,HQ COMPLEX - PROPERTY RELATED ORDERS ONLY                   
QAL/00003     ,07/05/2024,7661.89,26,PPM TASK                                                    ,80.33,1,80.33,22442       ,CODE BLUE                     ,HQ COMPLEX - PROPERTY RELATED ORDERS ONLY                   
QAL/00003     ,07/05/2024,7661.89,27,PPM TASK                                                    ,57.38,1,57.38,22442       ,CODE BLUE                     ,HQ COMPLEX - PROPERTY RELATED ORDERS ONLY                   
QAL/00003     ,07/05/2024,7661.89,28,PPM TASK                                                    ,91.80,1,91.8,22442       ,CODE BLUE                     ,HQ COMPLEX - PROPERTY RELATED ORDERS ONLY                   
QAL/00003     ,07/05/2024,7661.89,29,PPM TASK                                                    ,68.85,1,68.85,22442       ,CODE BLUE                     ,HQ COMPLEX - PROPERTY RELATED ORDERS ONLY                   
QAL/00003     ,07/05/2024,7661.89,30,PPM TASK                                                    ,149.18,1,149.18,22442       ,CODE BLUE                     ,HQ COMPLEX - PROPERTY RELATED ORDERS ONLY                   
QAL/00003     ,07/05/2024,7661.89,19,PPM TASK                                                    ,80.33,1,80.33,22442       ,CODE BLUE                     ,HQ COMPLEX - PROPERTY RELATED ORDERS ONLY                   
QAL/00003     ,07/05/2024,7661.89,20,PPM TASK                                                    ,103.28,1,103.28,22442       ,CODE BLUE                     ,HQ COMPLEX - PROPERTY RELATED ORDERS ONLY                   
QAL/00003     ,07/05/2024,7661.89,21,PPM TASK                                                    ,103.28,1,103.28,22442       ,CODE BLUE                     ,HQ COMPLEX - PROPERTY RELATED ORDERS ONLY                   
QAL/00003     ,07/05/2024,7661.89,22,PPM TASK                                                    ,57.38,1,57.38,22442       ,CODE BLUE                     ,HQ COMPLEX - PROPERTY RELATED ORDERS ONLY                   
QAL/00003     ,07/05/2024,7661.89,23,PPM TASK                                                    ,57.38,1,57.38,22442       ,CODE BLUE                     ,HQ COMPLEX - PROPERTY RELATED ORDERS ONLY                   
QAL/00003     ,07/05/2024,7661.89,24,PPM TASK                                                    ,126.23,1,126.23,22442       ,CODE BLUE                     ,HQ COMPLEX - PROPERTY RELATED ORDERS ONLY                   
QAL/00003     ,07/05/2024,7661.89,13,PPM TASK                                                    ,45.90,1,45.9,22442       ,CODE BLUE                     ,HQ COMPLEX - PROPERTY RELATED ORDERS ONLY                   
QAL/00003     ,07/05/2024,7661.89,14,PPM TASK                                                    ,45.90,1,45.9,22442       ,CODE BLUE                     ,HQ COMPLEX - PROPERTY RELATED ORDERS ONLY                   
QAL/00003     ,07/05/2024,7661.89,15,PPM TASK                                                    ,103.28,1,103.28,22442       ,CODE BLUE                     ,HQ COMPLEX - PROPERTY RELATED ORDERS ONLY                   
QAL/00003     ,07/05/2024,7661.89,16,PPM TASK                                                    ,126.23,1,126.23,22442       ,CODE BLUE                     ,HQ COMPLEX - PROPERTY RELATED ORDERS ONLY                   
QAL/00003     ,07/05/2024,7661.89,17,PPM TASK                                                    ,57.38,1,57.38,22442       ,CODE BLUE                     ,HQ COMPLEX - PROPERTY RELATED ORDERS ONLY                   
QAL/00003     ,07/05/2024,7661.89,18,PPM TASK                                                    ,80.33,1,80.33,22442       ,CODE BLUE                     ,HQ COMPLEX - PROPERTY RELATED ORDERS ONLY                   
QAL/00003     ,07/05/2024,7661.89,7,PPM TASK                                                    ,57.38,1,57.38,22442       ,CODE BLUE                     ,HQ COMPLEX - PROPERTY RELATED ORDERS ONLY                   
QAL/00003     ,07/05/2024,7661.89,8,PPM TASK                                                    ,34.43,1,34.43,22442       ,CODE BLUE                     ,HQ COMPLEX - PROPERTY RELATED ORDERS ONLY                   
QAL/00003     ,07/05/2024,7661.89,9,PPM TASK                                                    ,80.33,1,80.33,22442       ,CODE BLUE                     ,HQ COMPLEX - PROPERTY RELATED ORDERS ONLY                   
QAL/00003     ,07/05/2024,7661.89,10,PPM TASK                                                    ,34.43,1,34.43,22442       ,CODE BLUE                     ,HQ COMPLEX - PROPERTY RELATED ORDERS ONLY                   
QAL/00003     ,07/05/2024,7661.89,11,PPM TASK                                                    ,65.03,1,65.03,22442       ,CODE BLUE                     ,HQ COMPLEX - PROPERTY RELATED ORDERS ONLY                   
QAL/00003     ,07/05/2024,7661.89,12,PPM TASK                                                    ,57.38,1,57.38,22442       ,CODE BLUE                     ,HQ COMPLEX - PROPERTY RELATED ORDERS ONLY                   
WLV/00008     ,06/06/2024,6024.85,1,MERTON LOC- CHANGING ROOM LOCKER ROOMS                      ,1.00,"6,025",6024.85,22160       ,Bellrock (Portal) Property    ,MERTON LOC - PROPERTY ORDERS ONLY                           
WLV/00009     ,06/06/2024,7456.6,1,MERTON LOC- DRYING ROOM WORKS- BUDGET 2132                  ,1.00,"7,457",7456.6,22160       ,Bellrock (Portal) Property    ,MERTON LOC - PROPERTY ORDERS ONLY                           
WNR/00006     ,01/05/2024,6686.41,1,GP TECH-SERV- ANNUAL PPM BLANKET ORDER- BUDGET 2322         ,1.00,"6,686",6686.41,22046       ,GP TechServ Ltd               ,MERTON LOC - PROPERTY ORDERS ONLY                           
TSF/07794     ,07/06/2024,5135.86,1,"PROFESSIONAL SERVICES, COUNSELLING                          ","5,135.86",1,5135.86,14641       ,CORE IMS LTD                  ,HR - COUNSELLING & WELLBEING - EUSTON                       
TSF/07119     ,16/04/2024,8500,1,DEVELOPMENT & TRAINING -      LEARNING                      ,"8,500.00",1,8500,22465       ,Inclusive Learning Limited    ,ORGANISATIONAL DEVELOPMENT (DTOD)                           
TSF/07189     ,22/04/2024,8500,1,DEVELOPMENT & TRAINING -      ENGAGEMENT                    ,"8,500.00",1,8500,22521       ,VINCI Construction UK Limited ,ORGANISATIONAL DEVELOPMENT (DTOD)                           
TSF/07240     ,23/04/2024,6600,1,DEVELOPMENT & TRAINING -      LEADERSHIP                    ,"6,600.00",1,6600,22359       ,AKD Solutions Ltd             ,ORGANISATIONAL DEVELOPMENT (DTOD)                           
TSF/07295     ,25/04/2024,7824.5,1,"PROFESSIONAL SERVICES, EVENTS ORGANISATION                  ","7,824.50",1,7824.5,15971       ,OVAL EVENTS LTD               ,ORGANISATIONAL DEVELOPMENT (DTOD)                           
TSF/07461     ,10/05/2024,5250,1,"PROFESSIONAL SERVICES, EVENTS ORGANISATION                  ","5,250.00",1,5250,22359       ,AKD Solutions Ltd             ,ORGANISATIONAL DEVELOPMENT (DTOD)                           
TSF/07478     ,13/05/2024,5440,1,"PROFESSIONAL SERVICES, HUMAN RESOURCE TRAINING & EDUCATION  ","2,720.00",2,5440,16926       ,CONFLICT MANAGEMENT PLUS LTD  ,ORGANISATIONAL DEVELOPMENT (DTOD)                           
TSF/08034     ,27/06/2024,5500,1,"PROFESSIONAL SERVICES, EVENTS ORGANISATION                  ","5,500.00",1,5500,22359       ,AKD Solutions Ltd             ,ORGANISATIONAL DEVELOPMENT (DTOD)                           
TSF/07479     ,13/05/2024,5440,1,"PROFESSIONAL SERVICES, HUMAN RESOURCE TRAINING & EDUCATION  ","2,720.00",2,5440,16926       ,CONFLICT MANAGEMENT PLUS LTD  ,ORGANISATIONAL DEVELOPMENT (DTOD)                           
TSF/07659     ,29/05/2024,5550,1,DEVELOPMENT & TRAINING -      LEADERSHIP                    ,"5,550.00",1,5550,22359       ,AKD Solutions Ltd             ,ORGANISATIONAL DEVELOPMENT (DTOD)                           
TSF/07686     ,31/05/2024,5000,1,"PROFESSIONAL SERVICES, LEARNING & DEVELOPMENT CONSULTANCY   ","5,000.00",1,5000,22350       ,Aston Campbell Associates     ,ORGANISATIONAL DEVELOPMENT (DTOD)                           
TSF/07899     ,14/06/2024,6468,1,DEVELOPMENT & TRAINING -      LEADERSHIP                    ,"6,468.00",1,6468,17528       ,THE WINDSOR LEADERSHIP TRUST  ,ORGANISATIONAL DEVELOPMENT (DTOD)                           
TSF/07904     ,14/06/2024,7824.5,1,"PROFESSIONAL SERVICES, EVENTS ORGANISATION                  ","7,824.50",1,7824.5,15971       ,OVAL EVENTS LTD               ,ORGANISATIONAL DEVELOPMENT (DTOD)                           
TSF/07906     ,14/06/2024,6828,1,"PROFESSIONAL SERVICES, HUMAN RESOURCE TRAINING & EDUCATION  ","6,828.00",1,6828,22529       ,Quintige Consulting Group Ltd ,ORGANISATIONAL DEVELOPMENT (DTOD)                           
RLB/00021     ,15/06/2024,6774.73,1,09062024:9686965:RICHARD BINDE                              ,"1,184.70",1,1184.7,22250       ,Reed Specialist Recruitment   ,HR - TRANSFORMATION                                         
RLB/00021     ,15/06/2024,6774.73,2,09062024:9490510:RHYS POWELL                                ,879.24,1,879.24,22250       ,Reed Specialist Recruitment   ,HR - TRANSFORMATION                                         
RLB/00021     ,15/06/2024,6774.73,3,09062024:9644177:BISHWASTA MAG                              ,593.71,1,593.71,22250       ,Reed Specialist Recruitment   ,HR - TRANSFORMATION                                         
RLB/00021     ,15/06/2024,6774.73,4,09062024:9711094:MEENAR HUSSAI                              ,742.00,1,742,22250       ,Reed Specialist Recruitment   ,HR - TRANSFORMATION                                         
RLB/00021     ,15/06/2024,6774.73,5,09062024:9491535:GARY SHERGOLD                              ,635.27,1,635.27,22250       ,Reed Specialist Recruitment   ,HR - TRANSFORMATION                                         
RLB/00021     ,15/06/2024,6774.73,6,09062024:9695989:AFUA AGYEMAN-                              ,742.00,1,742,22250       ,Reed Specialist Recruitment   ,HR - TRANSFORMATION                                         
RLB/00034     ,29/06/2024,6242.27,6,23062024:9491539:GARY SHERGOLD                              ,635.27,1,635.27,22250       ,Reed Specialist Recruitment   ,HR - TRANSFORMATION                                         
RLB/00034     ,29/06/2024,6242.27,7,23062024:9658280:PAULA THOMPSO                              ,268.64,1,268.64,22250       ,Reed Specialist Recruitment   ,HR - TRANSFORMATION                                         
RLB/00034     ,29/06/2024,6242.27,8,23062024:9686967:RICHARD BINDE                              ,"1,184.70",1,1184.7,22250       ,Reed Specialist Recruitment   ,HR - TRANSFORMATION                                         
RLB/00030     ,29/06/2024,8445.92,10,16062024:9594705:CHINEYE NWAGA                              ,"1,026.64",1,1026.64,22250       ,Reed Specialist Recruitment   ,HR - TRANSFORMATION                                         
RLB/00034     ,29/06/2024,6242.27,1,23062024:9490512:RHYS POWELL                                ,"1,318.85",1,1318.85,22250       ,Reed Specialist Recruitment   ,HR - TRANSFORMATION                                         
RLB/00034     ,29/06/2024,6242.27,2,23062024:9695978:NATHAN ANSON                               ,612.52,1,612.52,22250       ,Reed Specialist Recruitment   ,HR - TRANSFORMATION                                         
RLB/00034     ,29/06/2024,6242.27,3,23062024:9711096:MEENAR HUSSAI                              ,742.00,1,742,22250       ,Reed Specialist Recruitment   ,HR - TRANSFORMATION                                         
RLB/00034     ,29/06/2024,6242.27,4,23062024:9663490:ROSHELL FERNA                              ,738.29,1,738.29,22250       ,Reed Specialist Recruitment   ,HR - TRANSFORMATION                                         
RLB/00034     ,29/06/2024,6242.27,5,23062024:9695991:AFUA AGYEMAN-                              ,742.00,1,742,22250       ,Reed Specialist Recruitment   ,HR - TRANSFORMATION                                         
RLB/00030     ,29/06/2024,8445.92,4,23062024:9767103:BENITA UDOEKA                              ,546.90,1,546.9,22250       ,Reed Specialist Recruitment   ,HR - TRANSFORMATION                                         
RLB/00030     ,29/06/2024,8445.92,5,23062024:9508788:AARTI MODASIY                              ,775.04,1,775.04,22250       ,Reed Specialist Recruitment   ,HR - TRANSFORMATION                                         
RLB/00030     ,29/06/2024,8445.92,6,16062024:9415680:RIANNE WILES                               ,155.01,1,155.01,22250       ,Reed Specialist Recruitment   ,HR - TRANSFORMATION                                         
RLB/00030     ,29/06/2024,8445.92,7,16062024:9767102:BENITA UDOEKA                              ,546.90,1,546.9,22250       ,Reed Specialist Recruitment   ,HR - TRANSFORMATION                                         
RLB/00030     ,29/06/2024,8445.92,8,16062024:9449095:TANYA WIJESIN                              ,"1,312.40",1,1312.4,22250       ,Reed Specialist Recruitment   ,HR - TRANSFORMATION                                         
RLB/00030     ,29/06/2024,8445.92,9,16062024:9603032:OSAMUDIAME EH                              ,"1,025.05",1,1025.05,22250       ,Reed Specialist Recruitment   ,HR - TRANSFORMATION                                         
RLB/00028     ,29/06/2024,9835.1,4,23062024:9706512:PATIENCE HUNT                              ,"2,313.00",1,2313,22250       ,Reed Specialist Recruitment   ,HR - TRANSFORMATION                                         
RLB/00028     ,29/06/2024,9835.1,5,23062024:9594651:JAMIE CARTER                               ,"3,600.00",1,3600,22250       ,Reed Specialist Recruitment   ,HR - TRANSFORMATION                                         
RLB/00028     ,29/06/2024,9835.1,6,23062024:9725388:NASIR UDDIN                                ,"1,207.15",1,1207.15,22250       ,Reed Specialist Recruitment   ,HR - TRANSFORMATION                                         
RLB/00030     ,29/06/2024,8445.92,1,23062024:9508802:KENADID MOHAM                              ,774.90,1,774.9,22250       ,Reed Specialist Recruitment   ,HR - TRANSFORMATION                                         
RLB/00030     ,29/06/2024,8445.92,2,23062024:9594708:CHINEYE NWAGA                              ,970.67,1,970.67,22250       ,Reed Specialist Recruitment   ,HR - TRANSFORMATION                                         
RLB/00030     ,29/06/2024,8445.92,3,23062024:9449096:TANYA WIJESIN                              ,"1,312.41",1,1312.41,22250       ,Reed Specialist Recruitment   ,HR - TRANSFORMATION                                         
RLB/00021     ,15/06/2024,6774.73,7,09062024:9695976:NATHAN ANSON                               ,765.66,1,765.66,22250       ,Reed Specialist Recruitment   ,HR - TRANSFORMATION                                         
RLB/00021     ,15/06/2024,6774.73,8,09062024:9658278:PAULA THOMPSO                              ,466.49,1,466.49,22250       ,Reed Specialist Recruitment   ,HR - TRANSFORMATION                                         
RLB/00021     ,15/06/2024,6774.73,9,16062024:9631449:JAIMIE TRUMPE                              ,765.66,1,765.66,22250       ,Reed Specialist Recruitment   ,HR - TRANSFORMATION                                         
RLB/00028     ,29/06/2024,9835.1,1,16062024:9556034:FAVOUR UWAILA                              ,742.14,1,742.14,22250       ,Reed Specialist Recruitment   ,HR - TRANSFORMATION                                         
RLB/00028     ,29/06/2024,9835.1,2,16062024:9725387:NASIR UDDIN                                ,"1,207.15",1,1207.15,22250       ,Reed Specialist Recruitment   ,HR - TRANSFORMATION                                         
RLB/00028     ,29/06/2024,9835.1,3,23062024:9628736:GLORIA OKORO                               ,765.66,1,765.66,22250       ,Reed Specialist Recruitment   ,HR - TRANSFORMATION                                         
TSF/07646     ,28/05/2024,8810.85,1,RADIO EQUIPMENT               (ICT)                         ,"8,810.85",1,8810.85,10961       ,RADIOCOMS SYSTEMS LIMITED     ,LEARNING & PROFESSIONAL DEVELOPMENT                         
TSF/07134     ,17/04/2024,9889.37,1,"ESTATES, FIXTURES & FITTINGS                                ","9,889.37",1,9889.37,22464       ,Piper Hales Flooring Group    ,LONDON OPERATIONS CENTRE (MERTON)                           
TSF/07399     ,08/05/2024,9121,1,"HYDRANT PLATE, 6 SLOT, 4 HOLE,100 AT TOP & 1 AT BOTTOM,     ",2.36,"3,500",8260,1619        ,BRISSCO SIGNS & GRAPHICS      ,WATER OFFICE (US)                                           
TSF/07399     ,08/05/2024,9121,2,"HYDRANT PLATE, S/A VINYL, PRINTED 100 AT TOP 1 AT BOTTOM    ",0.54,500,270,1619        ,BRISSCO SIGNS & GRAPHICS      ,WATER OFFICE (US)                                           
TSF/07399     ,08/05/2024,9121,3,"HYDRANT PLATE NUMERAL, 2, 24MMBLACK ON YELLOW, VINYL STICKER",3.64,30,109.2,1619        ,BRISSCO SIGNS & GRAPHICS      ,WATER OFFICE (US)                                           
TSF/07399     ,08/05/2024,9121,4,"HYDRANT PLATE NUMERAL, 4, 24MMBLACK ON YELLOW, VINYL STICKER",3.64,30,109.2,1619        ,BRISSCO SIGNS & GRAPHICS      ,WATER OFFICE (US)                                           
TSF/07399     ,08/05/2024,9121,5,"HYDRANT PLATE NUMERAL, 5, 24MMBLACK ON YELLOW, VINYL STICKER",3.64,30,109.2,1619        ,BRISSCO SIGNS & GRAPHICS      ,WATER OFFICE (US)                                           
TSF/07399     ,08/05/2024,9121,6,"HYDRANT PLATE NUMERAL, 7, 24MMBLACK ON YELLOW, VINYL STICKER",3.64,30,109.2,1619        ,BRISSCO SIGNS & GRAPHICS      ,WATER OFFICE (US)                                           
TSF/07399     ,08/05/2024,9121,7,"HYDRANT PLATE, ARROWS, 25MM,  BLACK ON YELLOW, REAR FIXING  ",3.64,30,109.2,1619        ,BRISSCO SIGNS & GRAPHICS      ,WATER OFFICE (US)                                           
TSF/07399     ,08/05/2024,9121,8,DELIVERY CHARGES                                            ,45.00,1,45,1619        ,BRISSCO SIGNS & GRAPHICS      ,WATER OFFICE (US)                                           
TSF/07044     ,09/04/2024,6000,1,CONFERENCE HIRE OF FACILITIES                               ,"6,000.00",1,6000,22531       ,ANSCO MUSIC CLUB LTD          ,FIRE SAFETY - PROTECTION UPLIFT PROGRAMME                   
TSF/07111     ,16/04/2024,5845,1,CONFERENCE ACCOMODATION/HOTEL FEES                          ,"5,845.00",1,5845,2861        ,FIRE SERVICE COLLEGE LTD      ,INTER OPERABILITY SFE                                       
TSF/07488     ,13/05/2024,6742.96,1,"PROFESSIONAL SERVICES, LEARNING & DEVELOPMENT CONSULTANCY   ","6,742.96",1,6742.96,20890       ,NORTHAMPTONSHIRE COUNTY       ,INTER OPERABILITY SFE                                       
TSF/07489     ,13/05/2024,6657.63,1,"PROFESSIONAL SERVICES, LEARNING & DEVELOPMENT CONSULTANCY   ","6,657.63",1,6657.63,20890       ,NORTHAMPTONSHIRE COUNTY       ,INTER OPERABILITY SFE                                       
TSF/07665     ,29/05/2024,9100,1,CONFERENCE HIRE OF FACILITIES                               ,"9,100.00",1,9100,2861        ,FIRE SERVICE COLLEGE LTD      ,INTER OPERABILITY SFE                                       
TSF/06938     ,02/04/2024,5981.5,1,"ESTATES, CATERING SERVICES                                  ","5,981.50",1,5981.5,15633       ,Royal United Services Inst.   ,EMERGENCY PLANNING (OPS DEPARTMENT) - MERTON                
TSF/07480     ,13/05/2024,6130,1,CONFERENCE HIRE OF FACILITIES                               ,"6,130.00",1,6130,20285       ,KING'S COLLEGE LONDON         ,EMERGENCY PLANNING (OPS DEPARTMENT) - MERTON                
TSF/07491     ,13/05/2024,7070,1,"OFFICE SOLUTIONS, OFFICE EQUIPMENT                          ","7,070.00",1,7070,21472       ,THE BRAND ALCHEMISTS          ,SPECIAL OPERATIONS GROUP - US                               
TSF/07493     ,13/05/2024,8000,1,CONFERENCE HIRE OF FACILITIES                               ,"8,000.00",1,8000,22543       ,Calder Conferences Limited    ,COMMUNITY FIRE CADETS - CENTRAL (UNION STREET)              
TSF/07180     ,19/04/2024,7000,1,"ESTATES, SERVICE CHARGE                                     ",1.00,"7,000",7000,20686       ,PROPERTY PARTNERS RESIDENTIAL ,PROPERTY - LEASE PAYMENTS                                   
TSF/07483     ,13/05/2024,6648,1,"ESTATES, SERVICE CHARGE                                     ",1.00,"6,648",6648,21291       ,SAVILLS (UK) LTD              ,PROPERTY - LEASE PAYMENTS WESTERN FS                        
TSF/07101     ,16/04/2024,5212.52,1,PFI UNITARY PAYMENTS -        BLUE3                         ,1.00,"5,213",5212.52,20116       ,BLUE3 LONDON LTD OPERATING    ,PROPERTY PFI - DAGENHAM FS                                  
TSF/07091     ,15/04/2024,9000,1,LEARNING SUPPORT TRAINING     COURSES                       ,1.00,"9,000",9000,22041       ,Genius Within CIC             ,PEOPLE SERVICES - LEARNING SUPPORT                          
TSF/07092     ,15/04/2024,9000,1,LEARNING SUPPORT TRAINING     COURSES                       ,1.00,"9,000",9000,22041       ,Genius Within CIC             ,PEOPLE SERVICES - LEARNING SUPPORT                          
TSF/07638     ,28/05/2024,9000,1,LEARNING SUPPORT TRAINING     COURSES                       ,1.00,"9,000",9000,22041       ,Genius Within CIC             ,PEOPLE SERVICES - LEARNING SUPPORT                          
TSF/07533     ,15/05/2024,9900,1,EYE TEST COSTS -              CITY UNIVERSITY               ,"9,900.00",1,9900,6119        ,CITY UNIVERSITY               ,PEOPLE SERVICES - WELLBEING                                 
TSF/07553     ,17/05/2024,6210.58,1,EYE TEST COSTS -              FOCUS                         ,"6,210.58",1,6210.58,11611       ,FOCUS & VISION TECHNOLOGY LTD ,PEOPLE SERVICES - WELLBEING                                 
TSF/07094     ,15/04/2024,5000,1,"PROFESSIONAL SERVICES, RECRUITMENT                          ","5,000.00",1,5000,22111       ,DRD Partnership               ,COMMISSIONERS SECRETARIAT                                   
TSF/07532     ,15/05/2024,10000,1,"PROFESSIONAL SERVICES, HR BUSINESS PROCESS OUTSOURCING      ","10,000.00",1,10000,22696       ,SK GLOBAL SEARCH LIMITED      ,COMMISSIONERS SECRETARIAT                                   
TSF/07649     ,28/05/2024,10000,1,"ICT, SUPPORT SERVICES                                       ",1.00,"10,000",10000,20896       ,E3 MEDIA LTD                  ,EXTERNAL COMMUNICATIONS                                     
TSF/07063     ,09/04/2024,7098,1,"CHAIR, MESS, STACKING, VINYL  COVER, GREY FRAME             ",101.40,70,7098,19325       ,HUNTERS CONTRACTS LIMITED     ,FIREFIGHTERS TRAINEES                                       
TSF/07072     ,12/04/2024,6835,1,PPE PAYMENTS - BRISTOL UNIFORMS LTD                         ,1.00,"6,835",6835,1636        ,BRISTOL UNIFORMS LTD          ,TRAINING OPERATIONS                                         
TSF/07078     ,12/04/2024,5230.96,1,TRAINING UNITARY PAYMENT -    BABCOCKS                      ,"5,230.96",1,5230.96,19789       ,BABCOCK TRAINING LTD          ,TRAINING OPERATIONS                                         
TSF/07079     ,12/04/2024,6005.57,1,TRAINING UNITARY PAYMENT -    BABCOCKS                      ,"6,005.57",1,6005.57,19789       ,BABCOCK TRAINING LTD          ,TRAINING OPERATIONS                                         
TSF/07236     ,23/04/2024,9000,1,TRAINING COURSES - EXTERNAL   (SUBJECTIVE: 1666)            ,"9,000.00",1,9000,19399       ,XACT CONSULTANCY & TRAINING LT,TRAINING OPERATIONS                                         
TSF/07779     ,05/06/2024,9000,1,TRAINING COURSES - EXTERNAL   (SUBJECTIVE: 1666)            ,"9,000.00",1,9000,22581       ,Premier People Solutions Ltd  ,TRAINING OPERATIONS                                         
TSF/07780     ,05/06/2024,9000,1,TRAINING COURSES - EXTERNAL   (SUBJECTIVE: 1666)            ,"9,000.00",1,9000,22581       ,Premier People Solutions Ltd  ,TRAINING OPERATIONS                                         
TSF/08016     ,26/06/2024,5854.55,1,TRAINING UNITARY PAYMENT -    BABCOCKS                      ,"5,854.55",1,5854.55,19789       ,BABCOCK TRAINING LTD          ,TRAINING OPERATIONS                                         
TSF/08033     ,27/06/2024,6750,1,LICENSE FOR PARKING SPACES    - GALLION'S REACH             ,"6,750.00",1,6750,14141       ,AMAS LTD                      ,TRAINING OPERATIONS                                         
TSF/07586     ,21/05/2024,6890,1,TRAINING COURSES - EXTERNAL                                 ,"3,445.00",2,6890,2861        ,FIRE SERVICE COLLEGE LTD      ,TRAINING PERFORMANCE                                        
TSF/07886     ,13/06/2024,6811.2,1,CONFERENCE ACCOMODATION/HOTEL FEES                          ,"6,811.20",1,6811.2,2861        ,FIRE SERVICE COLLEGE LTD      ,TRAINING PERFORMANCE                                        
WLV/00003     ,03/05/2024,5000,2,ESTATE MAPPING PROJECT UNION STREET                         ,1.00,"3,500",3500,22160       ,Bellrock (Portal) Property    ,PROPERTY SERVICES MANAGEMENT & ADMIN                        
WLV/00003     ,03/05/2024,5000,3,ESTATE MAPPING PROJECT VARIOUS                              ,1.00,"1,500",1500,22160       ,Bellrock (Portal) Property    ,PROPERTY SERVICES MANAGEMENT & ADMIN                        
WNB/00002     ,03/05/2024,7155.6,1,DISPLAY ENERGY CERTIFICATES                                 ,1.00,"7,156",7155.6,2713        ,ENERGY AUDITING AGENCY LTD    ,PROPERTY SERVICES MANAGEMENT & ADMIN                        
WRL/00003     ,23/05/2024,6750,1,LFB ESTATE ? AVERAGE SPACE TEMP EXCEEDED ALERTS             ,1.00,"6,750",6750,15207       ,PILLINGER CONTROLS LTD        ,PROPERTY SERVICES MANAGEMENT & ADMIN                        
TSF/07065     ,10/04/2024,7200,1,ACCIDENT REPAIR PAYMENTS      - PFI CONTRACTOR              ,1.00,"7,200",7200,14924       ,BABCOCK CRITICAL SERVICES LTD ,FLEET VEHICLES & EQUIPMENT CONTRACT                         
TSF/07784     ,06/06/2024,5941.76,1,"OPERATIONAL EQUIPMENT, FIRE - EQUIPMENT & SUPPLIES          ",67.52,88,5941.76,14924       ,BABCOCK CRITICAL SERVICES LTD ,FLEET VEHICLES & EQUIPMENT CONTRACT                         
PGS/13675     ,04/04/2024,5407.9,1,REPAIR OF EPDS                                              ,165.00,18,2970,4621        ,THERMO FISHER SCIENTIFIC      ,PEG CROYDON GENERAL PURCHASING                              
PGS/13675     ,04/04/2024,5407.9,2,INVESTIGATION FEE FOR UNREPAIRED EPDS                       ,74.00,32,2368,4621        ,THERMO FISHER SCIENTIFIC      ,PEG CROYDON GENERAL PURCHASING                              
PGS/13675     ,04/04/2024,5407.9,3,PACKAGE                                                     ,10.00,1,10,4621        ,THERMO FISHER SCIENTIFIC      ,PEG CROYDON GENERAL PURCHASING                              
PGS/13675     ,04/04/2024,5407.9,4,FREIGHT                                                     ,59.90,1,59.9,4621        ,THERMO FISHER SCIENTIFIC      ,PEG CROYDON GENERAL PURCHASING                              
PGS/13679     ,05/04/2024,8200,1,HAPSITE SERVICE/REPAIR CONTRACT 6TH APRIL TO 5TH JULY 2024  ,"2,050.00",1,2050,20279       ,INFICON                       ,PEG CROYDON GENERAL PURCHASING                              
PGS/13679     ,05/04/2024,8200,2,HAPSITE SERVICE/REPAIR CONTRACT 6TH JULY TO 5TH OCT 2024    ,"2,050.00",1,2050,20279       ,INFICON                       ,PEG CROYDON GENERAL PURCHASING                              
PGS/13736     ,04/06/2024,7080,1,PAS 10 SEPARATOR Y34791/S                                   ,"3,240.00",2,6480,12800       ,GAS & AIR SERVICES (UK)       ,PEG CROYDON GENERAL PURCHASING                              
PGS/13736     ,04/06/2024,7080,2,LABOUR                                                      ,600.00,1,600,12800       ,GAS & AIR SERVICES (UK)       ,PEG CROYDON GENERAL PURCHASING                              
PGS/13741     ,07/06/2024,7440,1,R1 DRY SUITS SAF10025 RED/BLK AS PER AGREED SPEC TO BE SUPPL,495.00,15,7425,17485       ,SAFEQUIP LTD                  ,PEG CROYDON GENERAL PURCHASING                              
PGS/13741     ,07/06/2024,7440,2,CARRIAGE                                                    ,15.00,1,15,17485       ,SAFEQUIP LTD                  ,PEG CROYDON GENERAL PURCHASING                              
PGS/13715     ,16/05/2024,8300.4,1,300-8 BAR BA REGULATOR ASSEMBLY                             ,276.68,30,8300.4,14148       ,PREMIER HOSE TECHNOLOGIES LTD ,PEG CROYDON GENERAL PURCHASING                              
PGS/13724     ,23/05/2024,5285.05,1,ANGUS DURALINE HOSE 70MM X 23M UNCOUPLED G4A5Q0230A         ,170.41,25,4260.25,1176        ,ANGUS FIRE LIMITED            ,PEG CROYDON GENERAL PURCHASING                              
PGS/13724     ,23/05/2024,5285.05,2,ANGUS DURALINE HOSE 45MM X 23M UNCOUPLED G4A5F0230A         ,96.28,10,962.8,1176        ,ANGUS FIRE LIMITED            ,PEG CROYDON GENERAL PURCHASING                              
PGS/13724     ,23/05/2024,5285.05,3,CARRIAGE                                                    ,62.00,1,62,1176        ,ANGUS FIRE LIMITED            ,PEG CROYDON GENERAL PURCHASING                              
PGS/13729     ,24/05/2024,5901,1,EASE BAG FOR RAPID INETRVENTION TEAM 10103749               ,585.10,10,5851,4502        ,MSA (BRITAIN) LIMITED         ,PEG CROYDON GENERAL PURCHASING                              
PGS/13729     ,24/05/2024,5901,2,CUSTOMS FEE                                                 ,50.00,1,50,4502        ,MSA (BRITAIN) LIMITED         ,PEG CROYDON GENERAL PURCHASING                              
PGS/13679     ,05/04/2024,8200,3,HAPSITE SERVICE/REPAIR CONTRACT 6TH OCT TO 5TH JAN 2025     ,"2,050.00",1,2050,20279       ,INFICON                       ,PEG CROYDON GENERAL PURCHASING                              
PGS/13679     ,05/04/2024,8200,4,HAPSITE SERVICE/REPAIR CONTRACT 6TH JAN TO 5TH APRIL 2025   ,"2,050.00",1,2050,20279       ,INFICON                       ,PEG CROYDON GENERAL PURCHASING                              
PGS/13689     ,18/04/2024,5950,1,SITE CERTIFICATION OF 12 OFF HP STORAGE VESSELS TO BS 18119 ,"5,950.00",1,5950,12800       ,GAS & AIR SERVICES (UK)       ,PEG CROYDON GENERAL PURCHASING                              
PGS/13693     ,23/04/2024,5633.42,1,MONTHLY HIRE PORTACABIN AT BARKING                          ,433.34,3,1300.02,11836       ,PORTAKABIN LTD                ,PEG CROYDON GENERAL PURCHASING                              
PGS/13693     ,23/04/2024,5633.42,2,MONTHLY HIRE PORTACABIN BARKING - OVERDUE INVOICE 90102403  ,433.34,1,433.34,11836       ,PORTAKABIN LTD                ,PEG CROYDON GENERAL PURCHASING                              
PGS/13693     ,23/04/2024,5633.42,3,MONTHLY HIRE PORTACABIN AT BARKING                          ,433.34,9,3900.06,11836       ,PORTAKABIN LTD                ,PEG CROYDON GENERAL PURCHASING                              
,,,,,,,,,,
